호선,역명,호기,승강기번호,설치위치,운행구간,운행방향
1,서울역,1,1800-448,"연결통로(4호선), B2-B1",B2-B1,상행
1,서울역,2,1806-600,"남영 방면2-3, B1-B2",B1-B2,하행
1,서울역,3,1806-599,"시청 방면9-3, B2-B1",B2-B1,상행
1,서울역,4,1810-816,"4번 출구 측, B1-1F",B1-1F,상행
1,서울역,5,1810-817,"4번 출구 측, 1F-B1",1F-B1,하행
1,시청,1,1808-119,"5번 출구 측, 1F-B1",1F-B1,하행
1,시청,2,1808-120,"5번 출구 측, B1-1F",B1-1F,상행
1,시청,3,1809-239,"1번 출구 측, B1-1F",B1-1F,상행
1,종각,1,1810-730,"1번 출구 측, 1F-B1",1F-B1,하행
1,종각,2,1810-729,"1번 출구 측, B1-1F",B1-1F,상행
1,종로가,1,1806-432,"1번 출구 측, 1F-B1",1F-B1,하행
1,종로가,2,1806-431,"1번 출구 측, B1-1F",B1-1F,상행
1,종로가,3,1806-598,"14번 출구 측, 1F-B1",1F-B1,하행
1,종로가,4,1806-597,"14번 출구 측, B1-1F",B1-1F,상행
1,동대문,1,1809-225,"1번 출구 측, B1-1F",B1-1F,상행
1,동묘앞,1,1800-056,"신설동 방면9-1, B2-B3",B2-B3,하행
1,동묘앞,2,1800-055,"신설동 방면9-1, B3-B2",B3-B2,상행
1,동묘앞,3,1800-057,"신설동 방면6-2, B2-B1",B2-B1,상행
1,동묘앞,4,1800-060,"동대문 방면5-4, B2-B1",B2-B1,상행
1,동묘앞,5,1800-061,"동대문 방면2-4, B1-B2",B1-B2,하행
1,동묘앞,6,1800-062,"동대문 방면2-4, B2-B1",B2-B1,상행
1,동묘앞,7,1800-054,"1번 출구 측, 1F-B1",1F-B1,하행
1,동묘앞,8,1800-053,"1번 출구 측, B1-1F",B1-1F,상행
1,동묘앞,9,1800-059,"2번 출구 측, 1F-B1",1F-B1,하행
1,동묘앞,10,1800-058,"2번 출구 측, B1-1F",B1-1F,상행
1,동묘앞,11,1800-063,"3번 출구 측, 1F-B1",1F-B1,하행
1,동묘앞,12,1800-064,"3번 출구 측, B1-1F",B1-1F,상행
1,제기동,1,1809-138,"2번 출구 측, 1F-B1",1F-B1,하행
1,제기동,2,1809-139,"2번 출구 측, B1-1F",B1-1F,상행
1,청량리,1,1809-136,"6번 출구 측, 1F-B1",1F-B1,하행
1,청량리,2,1809-137,"6번 출구 측, B1-1F",B1-1F,상행
1,청량리,3,1806-436,"2번 출구 측, 1F-B1",1F-B1,하행
1,청량리,4,1806-435,"2번 출구 측, B1-1F",B1-1F,상행
2,시청,3,1808-578,"대합실(1호선 환승통로 방면), B1-B2",B1-B2,하행
2,시청,4,1808-577,"대합실(1호선 환승통로 방면), B2-B1",B2-B1,상행
2,시청,5,1808-576,"대합실(1호선 환승통로 방면), B1-B2",B1-B2,하행
2,시청,6,1808-575,"대합실(1호선 환승통로 방면), B2-B1",B2-B1,상행
2,을지로입구,1,1801-058,"8번 출구 측, 1F-B1",1F-B1,하행
2,을지로입구,2,1801-059,"8번 출구 측, B1-1F",B1-1F,상행
2,을지로입구,3,1800-931,"1번 출구 측, 1F-연결통로",1F-연결통로,하행
2,을지로입구,4,1800-930,"1번 출구 측, 연결통로-1F",연결통로-1F,상행
2,을지로입구,5,1800-933,"1번 출구 측, B1-연결통로",B1-연결통로,상행
2,을지로입구,6,1800-932,"1번 출구 측, 연결통로-B1",연결통로-B1,하행
2,을지로가,1,1808-584,"5번 출구 측, 1F-B1",1F-B1,하행
2,을지로가,2,1808-583,"5번 출구 측, B1-1F",B1-1F,상행
2,동대문역사문화공원,1,1800-722,"3번 출구 측, 1F-B1",1F-B1,하행
2,동대문역사문화공원,2,1800-723,"3번 출구 측, B1-1F",B1-1F,상행
2,신당,1,1801-299,"3번 출구 측, 1F-B1",1F-B1,하행
2,신당,2,1801-244,"3번 출구 측, B1-1F",B1-1F,상행
2,상왕십리,1,1812-874,"1번 출구 측, 1F-B1",1F-B1,하행
2,상왕십리,2,1812-873,"1번 출구 측, B1-1F",B1-1F,상행
2,상왕십리,3,1812-872,"1번 출구 측, B1-B2",B1-B2,하행
2,상왕십리,4,1812-871,"1번 출구 측, B2-B1",B2-B1,상행
2,상왕십리,5,1809-944,"1-1번 출구 측, 1F-B1",1F-B1,하행
2,상왕십리,6,1809-943,"1-1번 출구 측, B1-1F",B1-1F,상행
2,상왕십리,7,1809-942,"1-1번 출구 측, B1-B2",B1-B2,하행
2,상왕십리,8,1809-941,"1-1번 출구 측, B2-B1",B2-B1,상행
2,왕십리,1,1801-006,"3번 출구 측, 1F-B1",1F-B1,하행
2,왕십리,2,1800-400,"3번 출구 측, B1-1F",B1-1F,상행
2,왕십리,3,1809-216,"상왕십리 방면7-7, B1-B2",B1-B2,하행
2,왕십리,4,1809-217,"상왕십리 방면7-7, B2-B1",B2-B1,상행
2,왕십리,5,1809-218,"한양대 방면2-3, B1-B2",B1-B2,하행
2,왕십리,6,1809-219,"한양대 방면2-3, B2-B1",B2-B1,상행
2,왕십리,7,1808-501,"한양대 방면3-1, B1-B2",B1-B2,하행
2,왕십리,8,1808-502,"한양대 방면3-1, B2-B1",B2-B1,상행
2,한양대,1,1800-556,"1번 출구 측, 2F-1F",2F-1F,하행
2,한양대,2,1800-555,"1번 출구 측, 1F-2F",1F-2F,상행
2,뚝섬,1,1808-121,"5번 출구 측, 2F-1F",2F-1F,하행
2,뚝섬,2,1801-057,"5번 출구 측, 1F-2F",1F-2F,상행
2,뚝섬,3,1800-470,"2번 출구 측, 2F-1F",2F-1F,하행
2,뚝섬,4,1800-471,"2번 출구 측, 1F-2F",1F-2F,상행
2,뚝섬,5,1800-472,"8번 출구 측, 2F-1F",2F-1F,하행
2,뚝섬,6,1800-473,"8번 출구 측, 1F-2F",1F-2F,상행
2,뚝섬,7,1812-506,"3번 출구 측, 2F-1F",2F-1F,하행
2,뚝섬,8,1812-505,"3번 출구 측, 1F-2F",1F-2F,상행
2,성수,1,1809-487,"1번 출구 측, 2F-1F",2F-1F,하행
2,성수,2,1809-486,"1번 출구 측, 1F-2F",1F-2F,상행
2,성수,3,1809-489,"2번 출구 측, 2F-1F",2F-1F,하행
2,성수,4,1809-488,"2번 출구 측, 1F-2F",1F-2F,상행
2,성수,5,1809-490,"3번 출구 측, 2F-1F",2F-1F,하행
2,성수,6,1809-491,"3번 출구 측, 1F-2F",1F-2F,상행
2,성수,7,1809-492,"4번 출구 측, 2F-1F",2F-1F,하행
2,성수,8,1809-493,"4번 출구 측, 1F-2F",1F-2F,상행
2,용두,1,1809-045,"신설동 방면2-4, B2-B1",B2-B1,상행
2,용두,2,1809-046,"신답 방면3-1, B2-B1",B2-B1,상행
2,용두,3,1809-049,"1번 출구 측, 1F-B1",1F-B1,하행
2,용두,4,1809-050,"1번 출구 측, B1-1F",B1-1F,상행
2,용두,5,1809-051,"2번 출구 측, 1F-B1",1F-B1,하행
2,용두,6,1809-052,"2번 출구 측, B1-1F",B1-1F,상행
2,용두,7,1809-047,"3번 출구 측, 1F-B1",1F-B1,하행
2,용두,8,1809-048,"3번 출구 측, B1-1F",B1-1F,상행
2,용두,9,1809-053,"4번 출구 측, 1F-B1",1F-B1,하행
2,용두,10,1809-054,"4번 출구 측, B1-1F",B1-1F,상행
2,용두,11,1809-055,"5번 출구 측, 1F-B1",1F-B1,하행
2,용두,12,1809-056,"5번 출구 측, B1-1F",B1-1F,상행
2,건대입구,1,1801-062,"6번 출구 측, 2F-1F",2F-1F,하행
2,건대입구,2,1801-063,"6번 출구 측, 1F-2F",1F-2F,상행
2,구의,1,1809-196,"1번 출구 측, 2F-1F",2F-1F,하행
2,구의,2,1809-197,"1번 출구 측, 1F-2F",1F-2F,상행
2,구의,3,1803-426,"4번 출구 측, 2F-1F",2F-1F,하행
2,구의,4,1803-427,"4번 출구 측, 1F-2F",1F-2F,상행
2,구의,5,1806-177,"2번 출구 측, 2F-1F",2F-1F,하행
2,구의,6,1806-178,"2번 출구 측, 1F-2F",1F-2F,상행
2,강변,1,1811-789,"잠실나루 방면7-4, 2F-1F",2F-1F,하행
2,강변,2,1811-788,"잠실나루 방면7-4, 1F-2F",1F-2F,상행
2,잠실나루,1,1806-940,"대합실(2,3번 출구), M1-1F",M1-1F,하행
2,잠실나루,2,1806-939,"대합실(2,3번 출구), 1F-M1",1F-M1,상행
2,잠실나루,3,1809-597,"강변 방면10-1, M1-2F",M1-2F,상행
2,잠실나루,4,1809-598,"잠실 방면1-4, 2F-M1",2F-M1,상행
2,잠실,1,1801-758,"5번 출구 측, 1F-B1",1F-B1,하행
2,잠실,2,1801-757,"5번 출구 측, B1-1F",B1-1F,상행
2,잠실,3,1808-875,"1번 출구 측, 1F-B1",1F-B1,하행
2,잠실,4,1808-874,"1번 출구 측, B1-1F",B1-1F,상행
2,잠실,5,1807-812,"2번 출구 측, 1F-B1",1F-B1,하행
2,잠실,6,1807-811,"2번 출구 측, B1-1F",B1-1F,상행
2,잠실새내,1,1802-837,"1번 출구 측, B1-1F",B1-1F,상행
2,잠실새내,2,1802-836,"2번 출구 측, 1F-B1",1F-B1,하행
2,잠실새내,3,1802-748,"2번 출구 측, B1-1F",B1-1F,상행
2,잠실새내,4,1802-928,"5번 출구 측, 1F-B1",1F-B1,하행
2,잠실새내,5,1802-929,"5번 출구 측, B1-1F",B1-1F,상행
2,잠실새내,6,1802-930,"6번 출구 측, 1F-B1",1F-B1,하행
2,잠실새내,7,1802-931,"6번 출구 측, B1-1F",B1-1F,상행
2,잠실새내,8,1802-838,"7번 출구 측, 1F-B1",1F-B1,하행
2,잠실새내,9,1802-839,"7번 출구 측, B1-1F",B1-1F,상행
2,잠실새내,10,1802-609,"8번 출구 측, 1F-B1",1F-B1,하행
2,잠실새내,11,1802-749,"8번 출구 측, B1-1F",B1-1F,상행
2,종합운동장,1,1801-772,"4번 출구 측, 1F-B1",1F-B1,하행
2,종합운동장,2,1801-773,"4번 출구 측, B1-1F",B1-1F,상행
2,종합운동장,3,1809-564,"8번 출구 측, B1-1F",B1-1F,상행
2,종합운동장,4,1811-804,"1번 출구 측, 1F-B1",1F-B1,하행
2,종합운동장,5,1811-803,"1번 출구 측, B1-1F",B1-1F,상행
2,삼성,1,1805-214,"3번 출구 측, 1F-B1",1F-B1,하행
2,삼성,2,1805-215,"3번 출구 측, B1-1F",B1-1F,상행
2,삼성,3,1811-348,"7번 출구 측, 1F-B1",1F-B1,하행
2,삼성,4,1811-347,"7번 출구 측, B1-1F",B1-1F,상행
2,선릉,1,1802-744,"4번 출구 측, 1F-B1",1F-B1,하행
2,선릉,2,1802-745,"4번 출구 측, B1-1F",B1-1F,상행
2,역삼,1,1805-221,"대합실(1,2,5,6,7,8번 출구 방면), B1-B2",B1-B2,하행
2,역삼,2,1805-222,"대합실(1,2,5,6,7,8번 출구 방면), B2-B1",B2-B1,상행
2,역삼,3,1805-223,"대합실(1,2,5,6,7,8번 출구 방면), B1-B2",B1-B2,하행
2,역삼,4,1805-224,"대합실(1,2,5,6,7,8번 출구 방면), B2-B1",B2-B1,상행
2,역삼,5,1805-225,"1,2번 출구 방면 통로, BM-B1",BM-B1,하행
2,역삼,6,1805-226,"1,2번 출구 방면 통로, B1-BM",B1-BM,상행
2,역삼,7,1805-227,"5~8번 출구 방면 통로, BM-B1",BM-B1,하행
2,역삼,8,1805-228,"5~8번 출구 방면 통로, B1-BM",B1-BM,상행
2,역삼,9,1801-837,"3번 출구 측, 1F-B2",1F-B2,하행
2,역삼,10,1801-830,"3번 출구 측, B2-1F",B2-1F,상행
2,역삼,11,1805-229,"4번 출구 측, 1F-B2",1F-B2,하행
2,역삼,12,1805-230,"4번 출구 측, B2-1F",B2-1F,상행
2,역삼,13,1812-137,"2번 출구 측, 1F-B1",1F-B1,하행
2,역삼,14,1812-138,"2번 출구 측, B1-1F",B1-1F,상행
2,교대,1,1801-775,"6번 출구 측, 1F-B1",1F-B1,하행
2,교대,2,1801-774,"6번 출구 측, B1-1F",B1-1F,상행
2,서초,1,1802-697,"6번 출구 측, 1F-B1",1F-B1,하행
2,서초,2,1802-698,"6번 출구 측, B1-1F",B1-1F,상행
2,서초,3,1806-990,"3번 출구 측, 1F-B1",1F-B1,하행
2,서초,4,1806-989,"3번 출구 측, B1-1F",B1-1F,상행
2,서초,5,1807-000,"4번 출구 측, 1F-B1",1F-B1,하행
2,서초,6,1806-999,"4번 출구 측, B1-1F",B1-1F,상행
2,서초,7,1808-896," 3,4번 출구 측, 1F-B1",1F-B1,하행
2,서초,8,1808-892," 3,4번 출구 측, B1-1F",B1-1F,상행
2,방배,1,1809-590,"4번 출구 측, 1F-B1",1F-B1,하행
2,방배,2,1809-589,"4번 출구 측, B1-1F",B1-1F,상행
2,사당,1,1804-019,"방배 방면3-3, B1-B2",B1-B2,하행
2,사당,2,1804-274,"방배 방면3-3, B2-B1",B2-B1,상행
2,사당,3,1804-020,"방배 방면8-1, B1-B2",B1-B2,하행
2,사당,4,1804-276,"방배 방면8-1, B2-B1",B2-B1,상행
2,사당,5,1804-021,"낙성대 방면3-3, B1-B2",B1-B2,하행
2,사당,6,1804-275,"낙성대 방면3-3, B2-B1",B2-B1,상행
2,사당,7,1804-277,"낙성대 방면8-1, B1-B2",B1-B2,하행
2,사당,8,1804-022,"낙성대 방면8-1, B2-B1",B2-B1,상행
2,사당,9,1804-023,"14번 출구 측, 1F-B1",1F-B1,하행
2,사당,10,1804-024,"14번 출구 측, B1-1F",B1-1F,상행
2,사당,11,1804-025,"5번 출구 측, 1F-B1",1F-B1,하행
2,사당,12,1804-026,"5번 출구 측, B1-1F",B1-1F,상행
2,낙성대,1,1803-573,"4번 출구 측, 1F-B1",1F-B1,하행
2,낙성대,2,1803-574,"4번 출구 측, B1-1F",B1-1F,상행
2,낙성대,3,1807-750,"1번 출구 측, 1F-B1",1F-B1,하행
2,낙성대,4,1807-749,"1번 출구 측, B1-1F",B1-1F,상행
2,낙성대,5,1813-254,"5번 출구 측, 1F-B1",1F-B1,하행
2,낙성대,6,1813-233,"5번 출구 측, B1-1F",B1-1F,상행
2,낙성대,7,1815-796,"8번 출구 측, B1-1F",B1-1F,상행
2,낙성대,8,1815-797,"8번 출구 측, 1F-B1",1F-B1,하행
2,서울대입구,1,1803-446,"봉천 방면9-1, B2-B1",B2-B1,상행
2,서울대입구,2,1803-447,"봉천 방면6-1, B1-B2",B1-B2,하행
2,서울대입구,3,1803-448,"낙성대 방면5-3, B2-B1",B2-B1,상행
2,서울대입구,4,1803-449,"낙성대 방면9-1 , B2-B1",B2-B1,상행
2,서울대입구,5,1803-450,"3번 출구 측, 1F-B1",1F-B1,하행
2,서울대입구,6,1803-451,"3번 출구 측, B1-1F",B1-1F,상행
2,서울대입구,7,1803-452,"4번 출구 측, 1F-B1",1F-B1,하행
2,서울대입구,8,1803-453,"4번 출구 측, B1-1F",B1-1F,상행
2,봉천,1,1807-211,"서울대입구 방면5-3, B1-B2",B1-B2,하행
2,봉천,2,1807-210,"서울대입구 방면6-2, B2-B1",B2-B1,상행
2,봉천,3,1807-213,"3번 출구 측, 1F-B1",1F-B1,하행
2,봉천,4,1807-212,"3번 출구 측, B1-1F",B1-1F,상행
2,봉천,5,1807-215,"6번 출구 측, 1F-B1",1F-B1,하행
2,봉천,6,1807-214,"6번 출구 측, B1-1F",B1-1F,상행
2,봉천,7,1815-784,"4번 출구 측, 1F-B1",1F-B1,하행
2,봉천,8,1815-785,"4번 출구 측, B1-1F",B1-1F,상행
2,신림,2,1803-563,"2번 출구 측, B1-1F",B1-1F,상행
2,신림,3,1803-562,"2번 출구 측, 1F-B1",1F-B1,하행
2,신림,4,1810-998,"4번 출구 측, B1-1F",B1-1F,상행
2,신림,5,1810-999,"4번 출구 측, 1F-B1",1F-B1,하행
2,신대방,1,1803-536,"구로디지털단지 방면3-4, 2F-3F",2F-3F,하행
2,신대방,2,1803-537,"구로디지털단지 방면3-4, 3F-2F",3F-2F,상행
2,신대방,3,1803-538,"구로디지털단지 방면8-3, 2F-3F",2F-3F,하행
2,신대방,4,1803-539,"구로디지털단지 방면8-3, 3F-2F",3F-2F,상행
2,신대방,5,1803-540,"신림 방면3-1, 2F-3F",2F-3F,하행
2,신대방,6,1803-541,"신림 방면3-1, 3F-2F",3F-2F,상행
2,신대방,7,1803-542,"신림 방면7-1, 2F-3F",2F-3F,하행
2,신대방,8,1803-543,"신림 방면7-1, 3F-2F",3F-2F,상행
2,구로디지털단지,1,1803-560,"2번 출구 측, 1F-2F",1F-2F,상행
2,구로디지털단지,2,1803-561,"3번 출구 측, 2F-1F",2F-1F,하행
2,구로디지털단지,3,1803-558,"5번 출구 측, 2F-1F",2F-1F,하행
2,구로디지털단지,4,1803-559,"5번 출구 측, 1F-2F",1F-2F,상행
2,대림,1,1803-788,"1번 출구 측, 2F-1F",2F-1F,하행
2,대림,2,1803-789,"1번 출구 측, 1F-2F",1F-2F,상행
2,대림,3,1803-791,"8번 출구 측, 2F-1F",2F-1F,하행
2,대림,4,1803-790,"8번 출구 측, 1F-2F",1F-2F,상행
2,대림,5,1807-691,"5번 출구 측, 2F-1F",2F-1F,하행
2,대림,6,1807-690,"5번 출구 측, 1F-2F",1F-2F,상행
2,신도림,1,1803-777,"대림 방면7-3, B3-B2",B3-B2,상행
2,신도림,2,1803-776,"대림 방면7-3, B3-B2",B3-B2,상행
2,신도림,3,1807-302,"문래 방면4-1, B3-B2",B3-B2,상행
2,신도림,4,1808-850,"대림 방면4-2, B3-B2",B3-B2,상행
2,신도림,5,1808-849,"대림 방면4-2, B2-B3",B2-B3,하행
2,신도림,6,1808-848,"대림 방면5-1, B3-B2",B3-B2,상행
2,신도림,7,1808-847,"대림 방면5-1, B2-B3",B2-B3,하행
2,신도림,8,1808-846,"대림 방면7-3, B3-B2",B3-B2,상행
2,신도림,9,1808-845,"대림 방면7-3, B2-B3",B2-B3,하행
2,양천구청,1,1811-000,"2번 출구 측, 1F-B1",1F-B1,하행
2,양천구청,2,1811-009,"2번 출구 측, B1-1F",B1-1F,상행
2,신정네거리,1,3810-962,"1번 출구 측, 1F-B1",1F-B1,하행
2,신정네거리,2,3810-961,"1번 출구 측, B1-1F",B1-1F,상행
2,신정네거리,3,1811-015,"2번 출구 측, 1F-B1",1F-B1,하행
2,신정네거리,4,1811-014,"2번 출구 측, B1-1F",B1-1F,상행
2,문래,1,1807-182,"1번 출구 측, 1F-B1",1F-B1,하행
2,문래,2,1807-181,"1번 출구 측, B1-1F",B1-1F,상행
2,문래,3,1807-184,"2번 출구 측, 1F-B1",1F-B1,하행
2,문래,4,1807-183,"2번 출구 측, B1-1F",B1-1F,상행
2,영등포구청,1,1803-525,"1번 출구 측, 1F-B1",1F-B1,하행
2,영등포구청,2,1803-524,"1번 출구 측, B1-1F",B1-1F,상행
2,당산,1,1803-575,"3번 출구 측, 1F-2F",1F-2F,상행
2,합정,1,1800-427,"당산 방면4-1, B2-B1",B2-B1,상행
2,합정,2,1800-428,"홍대입구 방면7-3, B2-B1",B2-B1,상행
2,합정,3,1809-484,"2번 출구 측, 1F-B2",1F-B2,하행
2,합정,4,1809-485,"2번 출구 측, B2-1F",B2-1F,상행
2,홍대입구,1,1800-425,"신촌 방면7-3, 합정 방면4-2, B1-B2",B1-B2,하행
2,홍대입구,2,1800-426,"합정 방면4-1, 신촌 방면7-4, B2-B1",B2-B1,상행
2,홍대입구,3,1808-983,"2번 출구 측, 1F-B1",1F-B1,하행
2,홍대입구,4,1808-984,"2번 출구 측, B1-1F",B1-1F,상행
2,홍대입구,5,1808-585,"1번 출구 측, 1F-B1",1F-B1,하행
2,홍대입구,6,1808-586,"1번 출구 측, B1-1F",B1-1F,상행
2,홍대입구,7,1808-587,"1번 출구 측, 1F-B1",1F-B1,하행
2,홍대입구,8,1808-588,"1번 출구 측, B1-1F",B1-1F,상행
2,신촌,1,1808-986,"7번 출구 측, 1F-B1",1F-B1,하행
2,신촌,2,1808-985,"7번 출구 측, B1-1F",B1-1F,상행
2,신촌,3,1813-888,"6번 출구 측, 1F-B1",1F-B1,하행
2,신촌,4,1813-887,"6번 출구 측, B1-1F",B1-1F,상행
2,이대,1,1800-770,"아현 방면9-3, 신촌 방면2-2, B2-B3",B2-B3,하행
2,이대,2,1800-771,"신촌 방면2-2, 아현 방면9-3, B3-B2",B3-B2,상행
2,이대,3,1800-772,"아현 방면2-2, 신촌 방면9-3, B2-B3",B2-B3,하행
2,이대,4,1800-759,"신촌 방면9-3, 아현 방면2-2, B3-B2",B3-B2,상행
2,아현,1,1810-493,"1번 출구 측, 1F-B1",1F-B1,하행
2,아현,2,1810-492,"1번 출구 측, B1-1F",B1-1F,상행
2,충정로,1,1809-482,"시청 방면7-1, 아현 방면4-4, B2-B3",B2-B3,하행
2,충정로,2,1809-483,"아현 방면4-4, 시청 방면7-1, B3-B2",B3-B2,상행
2,충정로,3,1809-207,"1,2,5,6번 출구 측, B1-B2",B1-B2,하행
2,충정로,4,1809-208,"1,2,5,6번 출구 측, B2-B1",B2-B1,상행
3,구파발,1,1808-122,"3번 출구 측, 1F-B1",1F-B1,하행
3,구파발,2,1808-123,"3번 출구 측, B1-1F",B1-1F,상행
3,구파발,3,1813-947,"2번 출구 측, B1-1F",B1-1F,상행
3,구파발,4,1813-948,"2번 출구 측, 1F-B1",1F-B1,하행
3,연신내,1,1800-463,"2번 출구 측, 1F-B1",1F-B1,하행
3,연신내,2,1800-464,"2번 출구 측, B1-1F",B1-1F,상행
3,연신내,3,1800-465,"4번 출구 측, 1F-B1",1F-B1,하행
3,연신내,4,1801-575,"4번 출구 측, B1-1F",B1-1F,상행
3,불광,1,1808-124,"5번 출구 측, 1F-B1",1F-B1,하행
3,불광,2,1808-125,"5번 출구 측, B1-1F",B1-1F,상행
3,녹번,1,1813-890,"1번 출구 측, 1F-B1",1F-B1,하행
3,녹번,2,1813-889,"1번 출구 측, B1-1F",B1-1F,상행
3,독립문,1,1800-879,"무악재 방면7-1, 경복궁 방면4-4, B3-B2",B3-B2,상행
3,독립문,2,1800-898,"무악재 방면4-1, 경복궁 방면7-4, B3-B2",B3-B2,상행
3,독립문,3,1806-175,"대합실(5번 출구 측), B2-B1",B2-B1,상행
3,독립문,4,1806-176,"대합실(5번 출구 측), B1-B2",B1-B2,하행
3,독립문,5,1810-780,"3-1번 출구 측, 1F-B1",1F-B1,하행
3,독립문,6,1810-779,"3-1번 출구 측, B1-1F",B1-1F,상행
3,경복궁,1,1800-315,"안국 방면9-1, 독립문 방면2-4, B2-B3",B2-B3,하행
3,경복궁,2,1800-308,"독립문 방면2-4, 안국 방면9-1, B3-B2",B3-B2,상행
3,경복궁,3,1800-003,"안국 방면8-3, 독립문 방면3-2, B2-B3",B2-B3,하행
3,경복궁,4,1800-004,"독립문 방면3-2, 안국 방면8-3, B3-B2",B3-B2,상행
3,경복궁,5,1800-309,"대합실, B1-B2",B1-B2,하행
3,경복궁,6,1800-310,"대합실, B2-B1",B2-B1,상행
3,경복궁,7,1800-005,"대합실, B1-B2",B1-B2,하행
3,경복궁,8,1800-006,"대합실, B2-B1",B2-B1,상행
3,경복궁,9,1810-126,"3-1번 출구 측 , 1F-B1",1F-B1,하행
3,경복궁,10,1810-125,"3-1번 출구 측 , B1-1F",B1-1F,상행
3,안국,1,1801-132,"종로3가 방면7-2, 경복궁 방면4-3, B3-B4",B3-B4,하행
3,안국,2,1801-133,"경복궁 방면4-3, 종로3가 방면7-2, B4-B3",B4-B3,상행
3,안국,3,1801-134,"종로3가 방면4-4, 경복궁 방면7-1, B3-B4",B3-B4,하행
3,안국,4,1801-135,"경복궁 방면7-1, 종로3가 방면4-4, B4-B3",B4-B3,상행
3,안국,5,1801-136,"대합실(5-1번 출구 측), B2-B3",B2-B3,하행
3,안국,6,1801-137,"대합실(5-1번 출구 측), B3-B2",B3-B2,상행
3,안국,7,1801-138,"대합실(2,3,4,5번 출구 측), B2-B3",B2-B3,하행
3,안국,8,1801-139,"대합실(2,3,4,5번 출구 측), B3-B2",B3-B2,상행
3,안국,9,1808-579,"5번 출구 측, 1F-B1",1F-B1,하행
3,안국,10,1808-580,"5번 출구 측, B1-1F",B1-1F,상행
3,종로가,1,1800-338,"환승통로(3호선), B2-B4",B2-B4,하행
3,종로가,2,1800-339,"환승통로(1호선), B4-B2",B4-B2,상행
3,종로가,3,1800-082,"환승통로(3,5호선), B1-B3",B1-B3,하행
3,종로가,4,1800-083,"환승통로(3,5호선), B3-B1",B3-B1,상행
3,종로가,5,1800-084,"환승통로(3호선), B1-B3",B1-B3,하행
3,종로가,6,1800-085,"환승통로(1호선), B3-B1",B3-B1,상행
3,을지로가,1,1800-477,"종로3가 방면7-2, 충무로 방면4-3, B3-B2",B3-B2,상행
3,을지로가,2,1801-129,"충무로 방면4-3, 종로3가 방면7-2, B3-B2",B3-B2,상행
3,동대입구,1,1801-712,"6번 출구 측, 1F-B2",1F-B2,하행
3,동대입구,2,1801-711,"6번 출구 측, B2-1F",B2-1F,상행
3,동대입구,3,1810-107,"5번 출구 측, 1F-B1",1F-B1,하행
3,동대입구,4,1810-108,"5번 출구 측, B1-1F",B1-1F,상행
3,약수,1,1801-061,"5번 출구 측, 1F-B1",1F-B1,하행
3,약수,2,1801-060,"5번 출구 측, B1-1F",B1-1F,상행
3,금호,1,1807-016,"2번 출구 측, 1F-B1",1F-B1,하행
3,금호,2,1807-015,"2번 출구 측, B1-1F",B1-1F,상행
3,금호,3,1801-394,"3번 출구 측, 1F-B1",1F-B1,하행
3,금호,4,1800-224,"3번 출구 측, B1-1F",B1-1F,상행
3,옥수,1,1806-299,"4번 출구 측, 2F-1F",2F-1F,하행
3,옥수,2,1806-300,"4번 출구 측, 1F-2F",1F-2F,상행
3,옥수,3,1810-844,"3번 출구 측, 1F-2F",1F-2F,상행
3,옥수,4,1810-845,"3번 출구 측, 2F-1F",2F-1F,하행
3,압구정,1,1809-342,"1번 출구 측, 1F-B1",1F-B1,하행
3,압구정,2,1809-343,"1번 출구 측, B1-1F",B1-1F,상행
3,압구정,3,1809-341,"5번 출구 측, B1-1F",B1-1F,상행
3,압구정,4,1811-389,"3번 출구 측, M-B2",M-B2,하행
3,압구정,5,1811-390,"3번 출구 측, B2-M",B2-M,상행
3,압구정,6,1811-391,"3번 출구 측, 1F-M",1F-M,하행
3,압구정,7,1811-392,"3번 출구 측, M-1F",M-1F,상행
3,압구정,8,1811-449,"6번 출구 측, B1-1F",B1-1F,상행
3,압구정,9,1811-450,"6번 출구 측, 1F-B1",1F-B1,하행
3,신사,1,1809-339,"8번 출구 측, 1F-B1",1F-B1,하행
3,신사,2,1809-340,"8번 출구 측, B1-1F",B1-1F,상행
3,신사,3,1802-053,"5번 출구 측, M-B1",M-B1,하행
3,신사,4,1802-054,"5번 출구 측, B1-M",B1-M,상행
3,신사,5,1802-051,"5번 출구 측, 1F-B1",1F-B1,하행
3,신사,6,1802-052,"5번 출구 측, B1-1F",B1-1F,상행
3,고속터미널,1,1802-099,"잠원 방면2-3, B2-B3",B2-B3,하행
3,고속터미널,2,1802-100,"잠원 방면2-3, B3-B2",B3-B2,상행
3,고속터미널,3,1802-101,"잠원 방면4-3, B2-B3",B2-B3,하행
3,고속터미널,4,1802-102,"잠원 방면4-3, B3-B2",B3-B2,상행
3,고속터미널,5,1802-103,"잠원 방면7-2, B2-B3",B2-B3,하행
3,고속터미널,6,1802-287,"잠원 방면7-2, B3-B2",B3-B2,상행
3,고속터미널,7,1802-288,"잠원 방면9-2, B2-B3",B2-B3,하행
3,고속터미널,8,1802-289,"잠원 방면9-2, B3-B2",B3-B2,상행
3,고속터미널,9,1802-290,"교대 방면2-3, B2-B3",B2-B3,하행
3,고속터미널,10,1802-106,"교대 방면2-3, B3-B2",B3-B2,상행
3,고속터미널,11,1802-291,"교대 방면4-3, B2-B3",B2-B3,하행
3,고속터미널,12,1802-292,"교대 방면4-3, B3-B2",B3-B2,상행
3,고속터미널,13,1802-107,"교대 방면7-2, B2-B3",B2-B3,하행
3,고속터미널,14,1802-108,"교대 방면7-2, B3-B2",B3-B2,상행
3,고속터미널,15,1802-104,"교대 방면9-2, B2-B3",B2-B3,하행
3,고속터미널,16,1802-105,"교대 방면9-2, B3-B2",B3-B2,상행
3,고속터미널,17,1809-326,"대합실(경부선 환승통로 방면), B1-B2",B1-B2,하행
3,고속터미널,18,1809-327,"대합실(경부선 환승통로 방면), B2-B1",B2-B1,상행
3,고속터미널,19,1802-109,"대합실(경부선 환승통로 방면), B1-B2",B1-B2,하행
3,고속터미널,20,1802-110,"대합실(경부선 환승통로 방면), B2-B1",B2-B1,상행
3,고속터미널,21,1809-328,"대합실(경부선 환승통로 방면), B1-B2",B1-B2,하행
3,고속터미널,22,1809-329,"대합실(경부선 환승통로 방면), B2-B1",B2-B1,상행
3,고속터미널,23,1809-338,"대합실(경부선 환승통로 방면), B1-B2",B1-B2,하행
3,고속터미널,24,1802-111,"대합실(경부선 환승통로 방면), B2-B1",B2-B1,상행
3,교대,1,1809-330,"고속터미널 방면3-2, 남부터미널 방면8-3, B2-B3",B2-B3,하행
3,교대,2,1809-331,"고속터미널 방면3-2, 남부터미널 방면8-3, B3-B2",B3-B2,상행
3,남부터미널,1,1802-115,"6번 출구 측, 1F-B1",1F-B1,하행
3,남부터미널,2,1802-116,"6번 출구 측, B1-1F",B1-1F,상행
3,양재,1,1802-399,"5번 출구 측, 1F-B1",1F-B1,하행
3,양재,2,1802-398,"5번 출구 측, B1-1F",B1-1F,상행
3,매봉,1,1807-908,"4번 출구 측, 1F-B1",1F-B1,하행
3,매봉,2,1807-907,"4번 출구 측, B1-1F",B1-1F,상행
3,매봉,3,1809-592,"1번 출구 측, 1F-B1",1F-B1,하행
3,매봉,4,1809-591,"1번 출구 측, B1-1F",B1-1F,상행
3,도곡,1,1807-846,"매봉 방면4-1, B1-B3",B1-B3,하행
3,도곡,2,1807-847,"매봉 방면4-1, B3-B1",B3-B1,상행
3,도곡,3,1807-913,"매봉 방면7-4, B1-B3",B1-B3,하행
3,도곡,4,1807-912,"매봉 방면7-4, B3-B1",B3-B1,상행
3,도곡,5,1807-915,"대치 방면4-1, B1-B3",B1-B3,하행
3,도곡,6,1807-914,"대치 방면4-1, B3-B1",B3-B1,상행
3,도곡,7,1807-848,"대치 방면7-4, B1-B3",B1-B3,하행
3,도곡,8,1807-849,"대치 방면7-4, B3-B1",B3-B1,상행
3,대치,1,1807-887,"도곡 방면1-1, 학여울 방면10-4, B2-B3",B2-B3,하행
3,대치,2,1807-854,"도곡 방면1-1, 학여울 방면10-4, B3-B2",B3-B2,상행
3,대치,3,1807-855,"도곡 방면10-4, 학여울 방면1-1, B2-B3",B2-B3,하행
3,대치,4,1807-888,"도곡 방면10-4, 학여울 방면1-1, B3-B2",B3-B2,상행
3,대치,5,1810-043,"4번 출구 측, 1F-B1",1F-B1,하행
3,대치,6,1810-044,"4번 출구 측, B1-1F",B1-1F,상행
3,대치,7,1812-120,"8번 출구 측, 1F-B1",1F-B1,하행
3,대치,8,1812-119,"8번 출구 측, B1-1F",B1-1F,상행
3,학여울,1,1809-354,"대합실(1번출구 방면), B2-B4",B2-B4,하행
3,학여울,2,1809-355,"대합실(1번출구 방면), B4-B2",B4-B2,상행
3,대청,1,1807-886,"6번 출구 측, 1F-B1",1F-B1,하행
3,대청,2,1807-885,"6번 출구 측, B1-1F",B1-1F,상행
3,대청,3,1811-190,"3번 출구 측, 1F-B1",1F-B1,하행
3,대청,4,1811-189,"3번 출구 측, B1-1F",B1-1F,상행
3,일원,1,1811-327,"1번 출구 측, 1F-B1",1F-B1,하행
3,일원,2,1811-328,"1번 출구 측, B1-1F",B1-1F,상행
3,일원,3,1811-301,"2번 출구 측, B1-1F",B1-1F,상행
3,일원,4,1811-302,"3번 출구 측, 1F-B1",1F-B1,하행
3,일원,5,1811-319,"6번 출구 측, B1-1F",B1-1F,상행
3,일원,6,1811-320,"6번 출구 측, 1F-B1",1F-B1,하행
3,수서,1,1802-119,"1번 출구 측, 1F-B1",1F-B1,하행
3,수서,2,1802-120,"1번 출구 측, B1-1F",B1-1F,상행
3,수서,3,1802-055,"2번 출구 측, 1F-B1",1F-B1,하행
3,수서,4,1802-056,"2번 출구 측, B1-1F",B1-1F,상행
3,수서,5,1802-117,"6번 출구 측, 1F-B1",1F-B1,하행
3,수서,6,1802-118,"6번 출구 측, B1-1F",B1-1F,상행
3,수서,7,1812-114,"일원 방면9-3, B1-B2",B1-B2,하행
3,수서,8,1812-113,"일원 방면9-3, B2-B1",B2-B1,상행
3,수서,9,1812-116,"가락시장 방면2-2, B1-B2",B1-B2,하행
3,수서,10,1812-115,"가락시장 방면2-2, B2-B1",B2-B1,상행
3,수서,11,1812-970,"5번 출구 측, 1F-B1",1F-B1,하행
3,수서,12,1812-969,"5번 출구 측, B1-1F",B1-1F,상행
3,가락시장,1,1809-395,"수서 방면4-4, B2-B4",B2-B4,하행
3,가락시장,2,1809-396,"수서 방면4-4, B4-B2",B4-B2,상행
3,가락시장,3,1809-397,"수서 방면6-3, B2-B4",B2-B4,하행
3,가락시장,4,1809-398,"수서 방면6-3, B4-B2",B4-B2,상행
3,가락시장,5,1809-399,"수서 방면8-3, B3-B4",B3-B4,하행
3,가락시장,6,1809-400,"수서 방면8-3, B4-B3",B4-B3,상행
3,가락시장,7,1808-601,"경찰병원 방면2-1, B4-B3",B4-B3,상행
3,가락시장,8,1808-602,"경찰병원 방면2-1, B4-B3",B4-B3,상행
3,가락시장,9,1808-603,"경찰병원 방면3-2, B3-B4",B3-B4,하행
3,가락시장,10,1808-604,"경찰병원 방면3-2, B4-B3",B4-B3,상행
3,가락시장,11,1808-605,"경찰병원 방면5-2, B2-B4",B2-B4,하행
3,가락시장,12,1808-606,"경찰병원 방면5-2, B4-B2",B4-B2,상행
3,가락시장,13,1808-607,"경찰병원 방면7-1, B2-B4",B2-B4,하행
3,가락시장,14,1808-608,"경찰병원 방면7-1, B4-B2",B4-B2,상행
3,가락시장,15,1808-609,"대합실(2번출구 방면), B1-B2",B1-B2,하행
3,가락시장,16,1808-610,"대합실(2번출구 방면), B2-B1",B2-B1,상행
3,가락시장,17,1808-611,"대합실(2번출구 방면), B1-B2",B1-B2,하행
3,가락시장,18,1808-612,"대합실(2번출구 방면), B2-B1",B2-B1,상행
3,가락시장,19,1808-613,"7번 출구 측, 1F-B1",1F-B1,하행
3,가락시장,20,1808-614,"7번 출구 측, B1-1F",B1-1F,상행
3,가락시장,21,1808-616,"8번 출구 측, 1F-B2",1F-B2,하행
3,가락시장,22,1808-615,"8번 출구 측, B2-1F",B2-1F,상행
3,경찰병원,1,1809-375,"가락시장 방면2-1, B1-B3",B1-B3,하행
3,경찰병원,2,1809-376,"가락시장 방면2-1, B3-B1",B3-B1,상행
3,경찰병원,3,1809-377,"가락시장 방면6-2, B1-B3",B1-B3,하행
3,경찰병원,4,1809-378,"가락시장 방면6-2, B3-B1",B3-B1,상행
3,경찰병원,5,1809-379,"가락시장 방면7-4, B1-B3",B1-B3,하행
3,경찰병원,6,1809-380,"가락시장 방면7-4, B3-B1",B3-B1,상행
3,경찰병원,7,1809-381,"오금 방면4-1, B1-B3",B1-B3,하행
3,경찰병원,8,1809-382,"오금 방면4-1, B3-B1",B3-B1,상행
3,경찰병원,9,1809-383,"오금 방면5-3, B1-B3",B1-B3,하행
3,경찰병원,10,1809-384,"오금 방면5-3, B3-B1",B3-B1,상행
3,경찰병원,11,1809-385,"오금 방면9-4, B1-B3",B1-B3,하행
3,경찰병원,12,1809-386,"오금 방면9-4, B3-B1",B3-B1,상행
3,경찰병원,13,1809-387,"1번 출구 측, 1F-B1",1F-B1,하행
3,경찰병원,14,1809-388,"1번 출구 측, B1-1F",B1-1F,상행
3,경찰병원,15,1809-389,"2번 출구 측, 1F-B1",1F-B1,하행
3,경찰병원,16,1809-390,"2번 출구 측, B1-1F",B1-1F,상행
3,경찰병원,17,1809-391,"3,4번 출구 사이, BM-B1",BM-B1,하행
3,경찰병원,18,1809-392,"3,4번 출구 사이, B1-BM",B1-BM,상행
3,경찰병원,19,1809-393,"3번 출구 측, 1F-B1",1F-B1,하행
3,경찰병원,20,1809-394,"3번 출구 측, B1-1F",B1-1F,상행
3,오금,1,1809-360,"경찰병원 방면2-2, B3-B4",B3-B4,하행
3,오금,2,1809-361,"경찰병원 방면2-2, B4-B3",B4-B3,상행
3,오금,3,1809-362,"경찰병원 방면4-2, B1-B4",B1-B4,하행
3,오금,4,1809-363,"경찰병원 방면4-2, B4-B1",B4-B1,상행
3,오금,5,1809-364,"경찰병원 방면7-1, B3-B4",B3-B4,하행
3,오금,6,1809-365,"오금 방면4-4, B4-B3",B4-B3,상행
3,오금,7,1809-366,"오금 방면7-3, B1-B4",B1-B4,하행
3,오금,8,1809-367,"오금 방면7-3, B4-B1",B4-B1,상행
3,오금,9,1809-368,"오금 방면9-3, B3-B4",B3-B4,하행
3,오금,10,1809-369,"오금 방면9-3, B4-B3",B4-B3,상행
3,오금,11,1809-370,"환승통로(5호선), B1-B3",B1-B3,하행
3,오금,12,1809-371,"환승통로(5호선), B3-B1",B3-B1,상행
3,오금,13,1809-372,"1번 출구 측, 1F-B1",1F-B1,하행
3,오금,14,1809-373,"1번 출구 측, B1-1F",B1-1F,상행
3,오금,15,1809-374,"2번 출구 측, B1-1F",B1-1F,상행
4,당고개,1,1813-713,"별내별가람 방면3-1, 3F-2F",3F-2F,하행
4,당고개,2,1813-714,"별내별가람 방면3-1, 2F-3F",2F-3F,상행
4,당고개,3,1803-225,"1,4번 출구 측, 2F-1F",2F-1F,하행
4,당고개,4,1815-715,"1,4번 출구 측, 1F-2F",1F-2F,상행
4,상계,1,1810-582,"1번 출구 측, 2F-1F",2F-1F,하행
4,상계,2,1810-581,"1번 출구 측, 1F-2F",1F-2F,상행
4,상계,3,1810-594,"노원 방면2-1, 2F-3F",2F-3F,상행
4,상계,4,1810-595,"노원 방면2-1, 3F-2F",3F-2F,하행
4,노원,1,1806-720,"1번 출구 측, 2F-1F",2F-1F,하행
4,노원,2,1803-067,"1번 출구 측, 1F-2F",1F-2F,상행
4,노원,3,1813-716,"2번 출구 측, 3F-2F",3F-2F,하행
4,노원,4,1813-715,"2번 출구 측, 2F-3F",2F-3F,상행
4,창동,1,1806-832,"1번 출구 측, 2F-1F",2F-1F,하행
4,창동,2,1806-842,"1번 출구 측, 1F-2F",1F-2F,상행
4,창동,3,1810-584,"1번 출구 측(주민통로), 2F-1F",2F-1F,하행
4,창동,4,1810-585,"1번 출구 측(주민통로), 1F-2F",1F-2F,상행
4,창동,5,1810-586,"2번 출구 측, 2F-1F",2F-1F,하행
4,창동,6,1810-587,"2번 출구 측, 1F-2F",1F-2F,상행
4,쌍문,1,1803-299,"4번 출구 측, 1F-B1",1F-B1,하행
4,쌍문,2,1803-300,"4번 출구 측, B1-1F",B1-1F,상행
4,쌍문,3,1810-171,"2번 출구 측, 1F-B1",1F-B1,하행
4,쌍문,4,1810-172,"2번 출구 측, B1-1F",B1-1F,상행
4,쌍문,5,1813-707,"3번 출구 측, 1F-B1",1F-B1,하행
4,쌍문,6,1813-708,"3번 출구 측, B1-1F",B1-1F,상행
4,수유,1,1809-186,"3번 출구 측, 1F-B1",1F-B1,하행
4,수유,2,1809-187,"3번 출구 측, B1-1F",B1-1F,상행
4,수유,3,1809-188,"8번 출구 측, 1F-B1",1F-B1,하행
4,수유,4,1809-189,"8번 출구 측, B1-1F",B1-1F,상행
4,미아,1,1806-719,"3번 출구 측, 1F-B1",1F-B1,하행
4,미아,2,1806-718,"3번 출구 측, B1-1F",B1-1F,상행
4,미아,3,1806-895,"1번 출구 측, 1F-B1",1F-B1,하행
4,미아,4,1806-894,"1번 출구 측, B1-1F",B1-1F,상행
4,미아,5,1803-202,"6번 출구 측, 1F-B1",1F-B1,하행
4,미아,6,1803-201,"6번 출구 측, B1-1F",B1-1F,상행
4,미아사거리,1,1806-716,"3번 출구 측, 1F-B1",1F-B1,하행
4,미아사거리,2,1806-717,"3번 출구 측, B1-1F",B1-1F,상행
4,길음,1,1806-831,"2번 출구 측, B1-1F",B1-1F,상행
4,길음,2,1803-356,"3번 출구 측, 1F-B1",1F-B1,하행
4,길음,3,1803-355,"3번 출구 측, B1-1F",B1-1F,상행
4,성신여대입구,1,1803-353,"1번 출구 측, 1F-B1",1F-B1,하행
4,성신여대입구,2,1803-354,"1번 출구 측, B1-1F",B1-1F,상행
4,성신여대입구,3,1810-583,"4번 출구 측, 1F-B1",1F-B1,하행
4,성신여대입구,4,1806-697,"4번 출구 측, B1-1F",B1-1F,상행
4,한성대입구,1,1809-932,"5번 출구 측, 1F-B1",1F-B1,하행
4,한성대입구,2,1809-931,"5번 출구 측, B1-1F",B1-1F,상행
4,혜화,1,1800-166,"1번 출구 측, 1F-B1",1F-B1,하행
4,혜화,2,1800-165,"1번 출구 측, B1-1F",B1-1F,상행
4,혜화,3,1810-100,"3번 출구 측, 1F-B1",1F-B1,하행
4,혜화,4,1810-099,"3번 출구 측, B1-1F",B1-1F,상행
4,동대문,1,1801-111,"동대문역사문화공원 방면7-4, B2-B4",B2-B4,하행
4,동대문,2,1801-112,"혜화 방면4-1, B4-B2",B4-B2,상행
4,동대문,3,1801-113,"동대문역사문화공원 방면3-3, B2-B4",B2-B4,하행
4,동대문,4,1801-114,"혜화 방면8-2, B4-B2",B4-B2,상행
4,동대문,5,1800-340,"연결통로(4호선), B1-B2",B1-B2,하행
4,동대문,6,1800-341,"1번 출구 측, B2-B1",B2-B1,상행
4,동대문,7,1808-172,"8번 출구 측, 1F-B1",1F-B1,하행
4,동대문,8,1808-173,"8번 출구 측, B1-1F",B1-1F,상행
4,동대문,9,1810-701,"9번 출구 측, 1F-B1",1F-B1,하행
4,동대문,10,1810-702,"9번 출구 측, B1-1F",B1-1F,상행
4,동대문역사문화공원,1,1801-576,"충무로 방면8-3, B1-B3",B1-B3,하행
4,동대문역사문화공원,2,1801-577,"동대문 방면3-1, B3-B1",B3-B1,상행
4,동대문역사문화공원,3,1800-475,"충무로 방면5-2, B2-B3",B2-B3,하행
4,동대문역사문화공원,4,1800-474,"동대문 방면6-3, B3-B2",B3-B2,상행
4,동대문역사문화공원,5,1808-987,"충무로 방면2-4, B2-B3",B2-B3,하행
4,동대문역사문화공원,6,1808-988,"동대문 방면9-1, B3-B2",B3-B2,상행
4,충무로,1,1808-128,"동대문역사문화공원 방면4-2, B3-B2",B3-B2,상행
4,충무로,2,1808-129,"동대문역사문화공원 방면4-2, B3-B2",B3-B2,상행
4,충무로,3,1808-130,"명동 방면6-3, B2-B3",B2-B3,하행
4,충무로,4,1808-131,"동대문역사문화공원 방면6-3, B3-B2",B3-B2,상행
4,충무로,5,1808-132,"명동 방면5-2, B2-B3",B2-B3,하행
4,충무로,6,1808-133,"동대문역사문화공원 방면5-2, B3-B2",B3-B2,상행
4,충무로,8,1808-135,"동대문역사문화공원 방면7-2, B3-B2",B3-B2,상행
4,충무로,9,1808-136,"대합실(동대문역사문화공원 방면4-2), B1-B2",B1-B2,하행
4,충무로,10,1808-137,"대합실(동대문역사문화공원 방면4-2), B2-B1",B2-B1,상행
4,충무로,11,1808-138,"대합실(동대문역사문화공원 방면6-3), B1-B2",B1-B2,하행
4,충무로,12,1808-139,"대합실(동대문역사문화공원 방면6-3), B2-B1",B2-B1,상행
4,충무로,13,1808-140,"대합실(명동 방면5-2), B1-B2",B1-B2,하행
4,충무로,14,1808-141,"대합실(명동 방면5-2), B2-B1",B2-B1,상행
4,충무로,15,1808-142,"대합실(명동 방면7-2), B1-B2",B1-B2,하행
4,충무로,16,1808-143,"대합실(명동 방면7-2), B2-B1",B2-B1,상행
4,충무로,17,1800-486,"3호선환승(휠체어) 좌측, B4-B2",B4-B2,상행
4,충무로,18,1800-487,"3호선환승(휠체어) 좌측, B4-B2",B4-B2,상행
4,충무로,19,1801-479,"3호선환승(휠체어) 우측, B2-B4",B2-B4,하행
4,충무로,20,1801-409,"3호선환승(휠체어) 우측, B4-B2",B4-B2,상행
4,충무로,21,1806-329,"1번 출구 측, 1F-B1",1F-B1,하행
4,충무로,22,1806-330,"1번 출구 측, B1-1F",B1-1F,상행
4,충무로,23,1810-866,"5번 출구 측, B1-1F",B1-1F,상행
4,충무로,24,1810-867,"5번 출구 측, 1F-B1",1F-B1,하행
4,명동,1,1800-724,"회현 방면10-4, A계단-B2",A계단-B2,하행
4,명동,3,1800-725,"충무로 방면10-4, B계단-B2",B계단-B2,하행
4,명동,4,1801-054,"회현 방면1-1, B2-B계단",B2-B계단,상행
4,명동,5,1810-714,"1번 출구 측, 1F-B1",1F-B1,하행
4,명동,6,1810-715,"1번 출구 측, B1-1F",B1-1F,상행
4,회현,1,1801-681,"서울역 방면10-4, A계단-B2",A계단-B2,하행
4,회현,2,1801-682,"명동 방면1-1, B2-A계단",B2-A계단,상행
4,회현,3,1801-683,"회현 방면6-4, B2-B4",B2-B4,하행
4,회현,4,1801-684,"명동 방면4-4, B4-B2",B4-B2,상행
4,회현,5,1801-685,"회현 방면1-4, B2-B4",B2-B4,하행
4,회현,6,1801-686,"명동 방면9-4, B4-B2",B4-B2,상행
4,서울역,1,1801-085,"삼각지 방면10-4, 1F-B1",1F-B1,하행
4,서울역,2,1801-373,"회현 방면1-1, B1-1F",B1-1F,상행
4,서울역,3,1801-348,"9-1번 출구(교통섬) 측 , 1F-B1",1F-B1,하행
4,서울역,4,1801-316,"9-1번 출구(교통섬) 측 , B1-1F",B1-1F,상행
4,삼각지,1,1801-578,"2번 출구 측, 1F-B1",1F-B1,하행
4,삼각지,2,1801-579,"2번 출구 측, B1-1F",B1-1F,상행
4,삼각지,3,1801-580,"5번 출구 측, 1F-B1",1F-B1,하행
4,삼각지,4,1801-581,"5번 출구 측, B1-1F",B1-1F,상행
4,신용산,1,1800-495,"5번 출구 측, 1F-B1",1F-B1,하행
4,신용산,2,1800-496,"5번 출구 측, B1-1F",B1-1F,상행
4,신용산,3,1810-471,"3번 출구 측, B1-1F",B1-1F,상행
4,신용산,4,1810-472,"4번 출구 측, B1-1F",B1-1F,상행
4,신용산,5,1810-473,"4번 출구 측, 1F-B1",1F-B1,하행
4,신용산,6,1813-883,"1번 출구 측, B1-1F",B1-1F,상행
4,신용산,7,1813-884,"1번 출구 측, 1F-B1",1F-B1,하행
4,신용산,8,1813-881,"1번 출구 측, B1-1F",B1-1F,상행
4,신용산,9,1813-882,"1번 출구 측, 1F-B1",1F-B1,하행
4,이촌,1,1808-989,"1번 출구 측, 1F-B1",1F-B1,하행
4,이촌,2,1808-990,"1번 출구 측, B1-1F",B1-1F,상행
4,이촌,3,1801-719,"2번 출구 측, 1F-B1",1F-B1,하행
4,이촌,4,1801-720,"2번 출구 측, B1-1F",B1-1F,상행
4,총신대입구,1,1807-714,"14번 출구 측, 1F-B1",1F-B1,하행
4,총신대입구,2,1807-713,"14번 출구 측, B1-1F",B1-1F,상행
4,총신대입구,3,1810-310,"1번 출구 측, 1F-B1",1F-B1,하행
4,총신대입구,4,1810-309,"1번 출구 측, B1-1F",B1-1F,상행
4,사당,1,1804-715,"남태령 방면1-1, B2-B3",B2-B3,하행
4,사당,2,1808-282,"4번 출구 측, 1F-B1",1F-B1,하행
4,사당,3,1808-281,"4번 출구 측, B1-1F",B1-1F,상행
4,사당,4,1804-713,"9번 출구 측, 1F-B1",1F-B1,하행
4,사당,5,1804-714,"9번 출구 측, B1-1F",B1-1F,상행
4,사당,6,1807-301,"3번 출구 측, 1F-B1",1F-B1,하행
4,사당,7,1808-283,"3번 출구 측, B1-1F",B1-1F,상행
4,남태령,1,1802-113,"선바위 방면3-2, B2-B3",B2-B3,하행
4,남태령,2,1802-114,"사당 방면8-3, B3-B2",B3-B2,상행
5,방화,1,1814-795,"1,2번 출구 사이(중간계단), B1-BM",B1-BM,상행
5,방화,2,1814-796,"1,2번 출구 사이(중간계단), BM-B1",BM-B1,하행
5,방화,3,1814-793,"1번 출구 측, BM-1F",BM-1F,상행
5,방화,4,1814-794,"1번 출구 측, 1F-BM",1F-BM,하행
5,방화,5,1814-791,"2번 출구 측, BM-1F",BM-1F,상행
5,방화,6,1814-792,"2번 출구 측, 1F-BM",1F-BM,하행
5,김포공항,1,1808-085,"개화산 방면3-4, B2-B3",B2-B3,하행
5,김포공항,2,1808-086,"개화산 방면3-4, B3-B2",B3-B2,상행
5,김포공항,3,1808-087,"송정 방면3-4, B2-B3",B2-B3,하행
5,김포공항,4,1808-088,"송정 방면3-4, B3-B2",B3-B2,상행
5,김포공항,5,1808-089,"개화산 방면5-4, B3-B2",B3-B2,상행
5,김포공항,6,1808-090,"개화산 방면5-4, B2-B3",B2-B3,하행
5,김포공항,7,1808-091,"송정 방면5-4, B3-B2",B3-B2,상행
5,김포공항,8,1808-092,"송정 방면5-4, B2-B3",B2-B3,하행
5,송정,1,1808-093,"대합실(화장실 측), B2-B1",B2-B1,상행
5,송정,2,1808-094,"대합실(화장실 측), B1-B2",B1-B2,하행
5,송정,3,1808-095,"4번 출구 측, 1F-B1",1F-B1,하행
5,송정,4,1808-096,"4번 출구 측, B1-1F",B1-1F,상행
5,마곡,1,1807-781,"1번 출구 측, B1-1F",B1-1F,상행
5,마곡,2,1807-782,"1번 출구 측, 1F-B1",1F-B1,하행
5,마곡,3,1807-783,"7번 출구 측, B1-1F",B1-1F,상행
5,마곡,4,1807-784,"7번 출구 측, 1F-B1",1F-B1,하행
5,마곡,5,1807-785,"6번 출구 측, B1-1F",B1-1F,상행
5,마곡,6,1807-786,"6번 출구 측, 1F-B1",1F-B1,하행
5,마곡,7,1814-757,"3번 출구 측, B1-1F",B1-1F,상행
5,마곡,8,1814-758,"3번 출구 측, 1F-B1",1F-B1,하행
5,마곡,9,1814-759,"4번 출구 측, B1-1F",B1-1F,상행
5,마곡,10,1814-760,"4번 출구 측, 1F-B1",1F-B1,하행
5,마곡,11,1814-761,"5번 출구 측, B1-1F",B1-1F,상행
5,마곡,12,1814-762,"5번 출구 측, 1F-B1",1F-B1,하행
5,우장산,1,1808-083,"1번 출구 측, B1-1F",B1-1F,상행
5,우장산,2,1808-084,"2번 출구 측, B1-1F",B1-1F,상행
5,우장산,3,1807-191,"3번 출구 측, B1-1F",B1-1F,상행
5,우장산,4,1807-192,"3번 출구 측, 1F-B1",1F-B1,하행
5,화곡,1,1810-191,"3,4번 출구 사이, B2-B1",B2-B1,상행
5,화곡,2,1810-192,"3,4번 출구 사이, B1-B2",B1-B2,하행
5,화곡,3,1810-193,"3번 출구 측, B1-1F",B1-1F,상행
5,화곡,4,1810-194,"3번 출구 측, 1F-B1",1F-B1,하행
5,까치산,1,1807-670,"화곡 방면2-3, B1-B5",B1-B5,하행
5,까치산,2,1807-671,"화곡 방면2-3, B5-B1",B5-B1,상행
5,까치산,3,1808-073,"신정 방면7-2, B1-B5",B1-B5,하행
5,까치산,4,1808-074,"신정 방면7-2, B5-B1",B5-B1,상행
5,까치산,5,1807-711,"화곡 방면7-3, B5-B1",B5-B1,상행
5,까치산,6,1807-712,"화곡 방면7-3, B1-B5",B1-B5,하행
5,까치산,7,1808-077,"신정 방면2-2, B5-B1",B5-B1,상행
5,까치산,8,1808-078,"신정 방면2-2, B1-B5",B1-B5,하행
5,까치산,9,1808-079,"1번 출구 측, B1-1F",B1-1F,상행
5,까치산,10,1808-080,"1번 출구 측, 1F-B1",1F-B1,하행
5,까치산,11,1804-466,"3번 출구 측, 1F-B1",1F-B1,하행
5,까치산,12,1804-467,"3번 출구 측, B1-1F",B1-1F,상행
5,신정,1,1811-085,"까치산 방면1-1, B3-B2",B3-B2,상행
5,신정,2,1811-086,"까치산 방면1-1, B2-B3",B2-B3,하행
5,신정,3,1811-087,"목동 방면8-4, B3-B2",B3-B2,상행
5,신정,4,1811-088,"목동 방면8-4, B2-B3",B2-B3,하행
5,신정,5,1808-065,"1번 출구 측, B2-B1",B2-B1,상행
5,신정,6,1808-066,"1번 출구 측, B1-B2",B1-B2,하행
5,신정,7,1808-069,"1번 출구 측, B1-BM",B1-BM,상행
5,신정,8,1808-070,"1번 출구 측, BM-B1",BM-B1,하행
5,신정,9,1808-067,"1번 출구 측, 1F-BM",1F-BM,하행
5,신정,10,1808-068,"1번 출구 측, BM-1F",BM-1F,상행
5,목동,1,1804-711,"1번 출구 측, B1-1F",B1-1F,상행
5,목동,2,1804-712,"1번 출구 측, 1F-B1",1F-B1,하행
5,목동,3,1814-777,"3번 출구 측, 1F-B1",1F-B1,하행
5,목동,4,1814-778,"3번 출구 측, B1-1F",B1-1F,상행
5,오목교,1,1808-058,"3번 출구 측, B1-BM",B1-BM,상행
5,오목교,2,1808-059,"1번 출구 측, B1-BM",B1-BM,상행
5,오목교,3,1808-060,"5번 출구 측, B1-BM",B1-BM,상행
5,오목교,4,1804-416,"대합실(1,3출구방향 통로), B1-B2",B1-B2,하행
5,오목교,5,1804-417,"대합실(1,3출구방향 통로), B2-B1",B2-B1,상행
5,오목교,6,1804-418,"1번 출구 측, B1-BM",B1-BM,상행
5,오목교,7,1809-956,"목동 방면6-3, B3-B2",B3-B2,상행
5,오목교,8,1809-957,"목동 방면6-3, B2-B3",B2-B3,하행
5,오목교,9,1809-958,"양평 방면3-2, B3-B2",B3-B2,상행
5,오목교,10,1809-959,"양평 방면3-2, B2-B3",B2-B3,하행
5,양평,1,1808-097,"고객안전실 측(지하1층), B1-B3",B1-B3,하행
5,양평,2,1808-098,"고객안전실 측(지하1층), B1-B3",B1-B3,하행
5,양평,3,1808-099,"고객안전실 측(지하1층), B3-B1",B3-B1,상행
5,양평,4,1808-100,"고객안전실 측(지하1층), B3-B1",B3-B1,상행
5,양평,5,1804-419,"2번 출구 측, BM-1F",BM-1F,상행
5,양평,6,1804-420,"2번 출구 측, 1F-BM",1F-BM,하행
5,양평,7,1812-613,"대합실(E/L 1,2호기 앞), B4-B3",B4-B3,상행
5,양평,8,1812-614,"대합실(E/L 1,2호기 앞), B3-B4",B3-B4,하행
5,영등포구청,1,1808-371,"대합실, B1-B3",B1-B3,하행
5,영등포구청,2,1808-372,"대합실, B1-B3",B1-B3,하행
5,영등포구청,3,1808-373,"대합실, B3-B1",B3-B1,상행
5,영등포구청,4,1808-374,"대합실, B3-B1",B3-B1,상행
5,영등포구청,5,1804-456,"환승통로(2호선), B1-B4",B1-B4,하행
5,영등포구청,6,1804-457,"환승통로(2호선), B4-B1",B4-B1,상행
5,영등포구청,7,1804-458,"환승통로(2호선), B4-B1",B4-B1,상행
5,영등포구청,8,1808-284,"양평 방면7-2, B4-B5",B4-B5,하행
5,영등포구청,9,1808-285,"양평 방면7-2, B5-B4",B5-B4,상행
5,영등포구청,10,1808-375,"영등포시장 방면2-3, B5-B4",B5-B4,상행
5,영등포구청,11,1808-376,"7번 출구 측, 1F-B1",1F-B1,하행
5,영등포구청,12,1808-377,"7번 출구 측, B1-1F",B1-1F,상행
5,영등포구청,13,1812-609,"7번 출구 측(중간계단), B4-B3",B4-B3,상행
5,영등포구청,14,1812-610,"7번 출구 측(중간계단), B3-B4",B3-B4,하행
5,영등포시장,1,1804-459,"대합실, B3-B5",B3-B5,하행
5,영등포시장,2,1804-460,"대합실, B5-B3",B5-B3,상행
5,영등포시장,3,1809-955,"대합실, B2-B1",B2-B1,상행
5,영등포시장,4,1809-954,"대합실, B1-B2",B1-B2,하행
5,영등포시장,5,1809-960,"대합실, B2-B3",B2-B3,하행
5,영등포시장,6,1809-961,"대합실, B3-B2",B3-B2,상행
5,영등포시장,7,1814-607,"2번 출구 측, B1-1F",B1-1F,상행
5,영등포시장,8,1814-608,"2번 출구 측, 1F-B1",1F-B1,하행
5,신길,1,1804-421,"3번 출구 측, B1-1F",B1-1F,상행
5,신길,2,1804-422,"3번 출구 측, 1F-B1",1F-B1,하행
5,신길,3,1804-423,"환승통로(1호선), B1-B3",B1-B3,하행
5,신길,4,1804-424,"환승통로(1호선), B1-B3",B1-B3,하행
5,신길,5,1804-425,"환승통로(1호선), B3-B1",B3-B1,상행
5,신길,6,1804-426,"환승통로(1호선), B3-B1",B3-B1,상행
5,신길,7,1804-427,"영등포시장 방면7-3, B3-B4",B3-B4,하행
5,신길,8,1804-428,"영등포시장 방면7-3, B4-B3",B4-B3,상행
5,신길,9,1804-429,"여의도 방면2-2, B4-B3",B4-B3,상행
5,여의도,1,1804-452,"대합실, B1-B3",B1-B3,하행
5,여의도,2,1804-453,"대합실, B3-B1",B3-B1,상행
5,여의도,3,1804-454,"대합실, B3-B1",B3-B1,상행
5,여의도,4,1804-455,"대합실, B1-B3",B1-B3,하행
5,여의나루,1,1808-383,"대합실, B4-B2",B4-B2,상행
5,여의나루,2,1808-384,"대합실, B4-B2",B4-B2,상행
5,여의나루,3,1808-385,"대합실, B2-B4",B2-B4,하행
5,여의나루,4,1808-386,"대합실, B2-B4",B2-B4,하행
5,여의나루,5,1808-379,"대합실, B3-B1",B3-B1,상행
5,여의나루,6,1808-378,"대합실, B1-B3",B1-B3,하행
5,여의나루,7,1808-380,"대합실, B1-BM",B1-BM,상행
5,여의나루,8,1808-381,"대합실, B1-BM",B1-BM,상행
5,여의나루,9,1808-382,"대합실, BM-B1",BM-B1,하행
5,여의나루,10,1808-296,"4번 출구 측, 1F-BM",1F-BM,하행
5,여의나루,11,1808-297,"4번 출구 측, BM-B1",BM-B1,상행
5,마포,1,1808-186,"대합실, B3-B1",B3-B1,하행
5,마포,2,1808-187,"대합실, B1-B3",B1-B3,상행
5,마포,3,1800-849,"대합실, B3-B1",B3-B1,상행
5,마포,4,1800-850,"대합실, B1-B3",B1-B3,하행
5,마포,5,1800-568,"2번 출구 측, 1F-B1",1F-B1,하행
5,마포,6,1800-569,"2번 출구 측, B1-1F",B1-1F,상행
5,마포,7,1801-001,"대합실, B3-B4",B3-B4,하행
5,마포,8,1801-002,"대합실, B4-B3",B4-B3,상행
5,마포,9,1800-848,"3번 출구 측, B1-1F",B1-1F,상행
5,마포,10,1800-847,"3번 출구 측, 1F-B1",1F-B1,하행
5,공덕,1,1808-903,"환승통로(6호선), B3-B2",B3-B2,상행
5,공덕,2,1808-904,"환승통로(6호선), B2-B3",B2-B3,하행
5,공덕,3,1808-905,"마포 방면1-1, 애오개 방면8-4, B3-B2",B3-B2,상행
5,공덕,4,1808-906,"마포 방면1-1, 애오개 방면8-4, B2-B3",B2-B3,하행
5,공덕,5,1800-482,"대합실, B2-B1",B2-B1,상행
5,공덕,6,1800-483,"대합실, B1-B2",B1-B2,하행
5,공덕,7,1808-907,"대합실, B1-B2",B1-B2,하행
5,공덕,8,1808-908,"대합실, B2-B1",B2-B1,상행
5,공덕,9,1808-909,"4번 출구 측, 1F-B1",1F-B1,하행
5,공덕,10,1808-910,"4번 출구 측, B1-1F",B1-1F,상행
5,공덕,11,1808-911,"대합실, B1-BM",B1-BM,상행
5,애오개,1,1800-593,"대합실, B3-B1",B3-B1,상행
5,애오개,2,1800-594,"대합실, B1-B3",B1-B3,하행
5,애오개,3,1810-123,"대합실, B3-B1",B3-B1,상행
5,애오개,4,1810-124,"대합실, B1-B3",B1-B3,하행
5,애오개,5,1808-126,"4번 출구 측, BM-1F",BM-1F,상행
5,애오개,6,1808-127,"4번 출구 측, 1F-BM",1F-BM,하행
5,충정로,1,1800-576,"대합실, B4-B2",B4-B2,상행
5,충정로,2,1800-577,"대합실, B4-B2",B4-B2,상행
5,충정로,3,1800-578,"대합실, B2-B4",B2-B4,하행
5,충정로,4,1800-579,"대합실, B2-B4",B2-B4,하행
5,서대문,1,1800-347,"아이센터 측(지하1층), B1-B3",B1-B3,하행
5,서대문,2,1800-348,"아이센터 측(지하1층), B3-B1",B3-B1,상행
5,서대문,3,1800-349,"아이센터 측(지하1층), B3-B1",B3-B1,상행
5,서대문,4,1800-350,"아이센터 측(지하1층), B1-B3",B1-B3,하행
5,서대문,5,1801-032,"6번 출구 측, BM-1F",BM-1F,상행
5,서대문,6,1801-033,"6번 출구 측, 1F-BM",1F-BM,하행
5,서대문,7,1800-484,"5번 출구 측, 1F-B1",1F-B1,하행
5,서대문,8,1800-485,"5번 출구 측, B1-1F",B1-1F,상행
5,서대문,9,1810-574,"4번 출구 측, B1-1F",B1-1F,상행
5,서대문,10,1810-573,"4번 출구 측, 1F-B1",1F-B1,하행
5,광화문,1,1800-311,"서대문 방면1-1, 종로3가 방면8-4, B3-B2",B3-B2,상행
5,광화문,2,1800-312,"서대문 방면1-1, 종로3가 방면8-4, B2-B3",B2-B3,하행
5,광화문,3,1800-313,"대합실(광장 측), B2-B1",B2-B1,상행
5,광화문,4,1800-314,"대합실(광장 측), B1-B2",B1-B2,하행
5,종로가,1,1800-008,"광화문 방면1-1, 을지로4가 방면8-4, B5-B3",B5-B3,상행
5,종로가,2,1800-009,"광화문 방면1-1, 을지로4가 방면8-4, B3-B5",B3-B5,하행
5,종로가,3,1800-010,"대합실(4,5번 출구 사이), B3-B1",B3-B1,상행
5,종로가,4,1800-011,"대합실(4,5번 출구 사이), B1-B3",B1-B3,하행
5,종로가,5,1800-012,"환승통로(1,3호선), B3-B4",B3-B4,하행
5,종로가,6,1800-013,"환승통로(1,3호선), B3-B4",B3-B4,하행
5,종로가,7,1800-014,"환승통로(1,3호선), B4-B3",B4-B3,상행
5,종로가,8,1800-017,"환승통로(1,3호선), B4-B3",B4-B3,상행
5,종로가,9,1800-015,"4번 출구 측, 1F-B1",1F-B1,하행
5,종로가,10,1800-016,"4번 출구 측, B1-1F",B1-1F,상행
5,을지로가,1,1800-744,"대합실(아이센터 측), B2-B4",B2-B4,하행
5,을지로가,2,1800-743,"대합실(아이센터 측), B4-B2",B4-B2,상행
5,을지로가,3,1800-746,"환승통로(시청방면), B2-B4",B2-B4,하행
5,을지로가,4,1800-745,"환승통로(시청방면), B4-B2",B4-B2,상행
5,을지로가,5,1800-747,"환승통로(잠실방면), B3-B5",B3-B5,하행
5,을지로가,6,1800-748,"환승통로(잠실방면), B5-B3",B5-B3,상행
5,을지로가,7,1800-466,"대합실(아이센터 측), B1-B2",B1-B2,하행
5,을지로가,8,1800-467,"대합실(아이센터 측), B2-B1",B2-B1,상행
5,을지로가,9,1800-468,"환승통로(2호선 잠실 방면4-3), B3-B2",B3-B2,상행
5,을지로가,10,1809-477,"4번 출구 측, BM-1F",BM-1F,상행
5,을지로가,11,1809-478,"4번 출구 측, 1F-BM",1F-BM,하행
5,동대문역사문화공원,1,1808-962,"대합실(6,7번 출구 사이), B4-B2",B4-B2,상행
5,동대문역사문화공원,2,1808-963,"대합실(6,7번 출구 사이), B2-B4",B2-B4,하행
5,동대문역사문화공원,3,1808-964,"환승통로(2,4호선), B2-BM4",B2-BM4,하행
5,동대문역사문화공원,4,1808-965,"환승통로(2,4호선), BM4-B2",BM4-B2,상행
5,동대문역사문화공원,5,1808-966,"환승통로(2,4호선), BM4-B2",BM4-B2,상행
5,신금호,1,1808-967,"행당 방면3-4, 청구 방면5-3, B8-B5",B8-B5,상행
5,신금호,2,1808-968,"행당 방면3-4, 청구 방면5-3, B5-B8",B5-B8,하행
5,신금호,3,1808-969,"대합실(1,2호기 위), B5-B2",B5-B2,상행
5,신금호,4,1808-970,"대합실(1,2호기 위), B2-B5",B2-B5,하행
5,신금호,5,1809-945,"고객안전실 측(지하2층), B2-B1",B2-B1,상행
5,신금호,6,1809-946,"고객안전실 측(지하2층), B1-B2",B1-B2,하행
5,신금호,7,1812-438,"1번 출구 측, B1-1F",B1-1F,상행
5,신금호,8,1812-439,"1번 출구 측, 1F-B1",1F-B1,하행
5,신금호,9,1812-440,"2번 출구 측, B1-1F",B1-1F,상행
5,신금호,10,1812-441,"2번 출구 측, 1F-B1",1F-B1,하행
5,신금호,11,1812-507,"4번 출구 측, B1-1F",B1-1F,상행
5,신금호,12,1812-508,"4번 출구 측, 1F-B1",1F-B1,하행
5,행당,1,1808-971,"대합실, B3-B1",B3-B1,상행
5,행당,2,1808-972,"대합실, B1-B3",B1-B3,하행
5,행당,3,1809-471,"1번 출구 측, B1-1F",B1-1F,상행
5,행당,4,1809-472,"1번 출구 측, 1F-B1",1F-B1,하행
5,행당,5,1808-973,"대합실, BM4-B3",BM4-B3,상행
5,행당,6,1808-974,"대합실, B3-BM4",B3-BM4,하행
5,행당,7,1809-473,"4번 출구 측, B1-1F",B1-1F,상행
5,행당,8,1809-474,"4번 출구 측, 1F-B1",1F-B1,하행
5,왕십리,1,1800-560,"지하철경찰대 측(지하4층), B2-B4",B2-B4,하행
5,왕십리,2,1800-561,"지하철경찰대 측(지하4층), B2-B4",B2-B4,하행
5,왕십리,3,1800-562,"지하철경찰대 측(지하4층), B4-B2",B4-B2,상행
5,왕십리,4,1800-563,"지하철경찰대 측(지하4층), B4-B2",B4-B2,상행
5,왕십리,5,1800-564,"환승통로(2호선 시청방면), B4-B2",B4-B2,상행
5,왕십리,6,1800-565,"환승통로(2호선 시청방면), B4-B2",B4-B2,상행
5,왕십리,7,1800-566,"환승통로(2호선 잠실방면), B2-B4",B2-B4,하행
5,왕십리,8,1800-567,"환승통로(2호선 잠실방면), B4-B2",B4-B2,상행
5,마장,1,1800-689,"4번 출구 측, BM-1F",BM-1F,상행
5,마장,2,1800-690,"4번 출구 측, 1F-BM",1F-BM,하행
5,마장,3,1800-877,"대합실, BM2-B1",BM2-B1,상행
5,마장,4,1800-878,"대합실, B1-BM2",B1-BM2,하행
5,답십리,1,1800-469,"1번 출구 측, B1-1F",B1-1F,상행
5,답십리,2,1800-476,"1번 출구 측, 1F-B1",1F-B1,하행
5,답십리,3,1809-476,"5번 출구 측, 1F-BM",1F-BM,하행
5,답십리,4,1809-475,"5번 출구 측, BM-1F",BM-1F,상행
5,장한평,1,1803-265,"대합실, B1-B2",B1-B2,하행
5,장한평,2,1803-266,"대합실, B2-B1",B2-B1,상행
5,장한평,3,1809-107,"3번 출구 측, 1F-BM",1F-BM,하행
5,장한평,4,1809-106,"3번 출구 측, BM-1F",BM-1F,상행
5,군자,1,1802-499,"5번 출구 측, BM-1F",BM-1F,상행
5,군자,2,1802-500,"5번 출구 측, 1F-BM",1F-BM,하행
5,군자,3,1808-589,"4번 출구 측, BM-1F",BM-1F,상행
5,군자,4,1808-590,"4번 출구 측, 1F-BM",1F-BM,하행
5,군자,5,1811-760,"1번 출구 측, B1-1F",B1-1F,상행
5,군자,6,1811-761,"1번 출구 측, 1F-B1",1F-B1,하행
5,군자,7,1811-831,"8번 출구 측, B1-1F",B1-1F,상행
5,군자,8,1811-832,"8번 출구 측, 1F-B1",1F-B1,하행
5,아차산,1,1803-348,"1번 출구 측, B1-1F",B1-1F,상행
5,아차산,2,1803-349,"1번 출구 측, 1F-B1",1F-B1,하행
5,아차산,3,1809-087,"대합실, BM2-B1",BM2-B1,상행
5,아차산,4,1809-088,"대합실, B1-BM2",B1-BM2,하행
5,아차산,5,1809-085,"3번 출구 측, B1-1F",B1-1F,상행
5,아차산,6,1809-086,"3번 출구 측, 1F-B1",1F-B1,하행
5,아차산,7,1811-617,"2번 출구 측, B1-1F",B1-1F,상행
5,아차산,8,1811-618,"2번 출구 측, 1F-B1",1F-B1,하행
5,광나루,1,1809-100,"4번 출구 측, 1F-BM",1F-BM,하행
5,광나루,2,1809-099,"4번 출구 측, BM-1F",BM-1F,상행
5,광나루,3,1800-903,"3번 출구 측, 1F-B1",1F-B1,하행
5,광나루,4,1800-904,"3번 출구 측, B1-1F",B1-1F,상행
5,천호,1,1802-885,"대합실, B1-B2",B1-B2,하행
5,천호,2,1802-886,"대합실, B2-B1",B2-B1,상행
5,천호,3,1802-887,"2번 출구 측, 1F-BM",1F-BM,하행
5,천호,4,1802-888,"2번 출구 측, BM-1F",BM-1F,상행
5,천호,5,1802-889,"7번 출구 측, 1F-B1",1F-B1,하행
5,천호,6,1802-890,"7번 출구 측, B1-1F",B1-1F,상행
5,천호,7,1802-891,"8번 출구 측, 1F-B1",1F-B1,하행
5,천호,8,1802-892,"8번 출구 측, B1-1F",B1-1F,상행
5,천호,9,1805-218,"9번 출구 측, 1F-BM",1F-BM,하행
5,천호,10,1805-219,"9번 출구 측, BM-1F",BM-1F,상행
5,천호,11,1805-653,"5번 출구 측, BM-1F",BM-1F,상행
5,천호,12,1805-654,"5번 출구 측, 1F-BM",1F-BM,하행
5,천호,13,1807-909,"10번 출구 측, BM-1F",BM-1F,상행
5,천호,14,1807-910,"10번 출구 측, 1F-BM",1F-BM,하행
5,천호,15,1810-789,"6번 출구 측, B1-1F",B1-1F,상행
5,천호,16,1810-790,"6번 출구 측, 1F-B1",1F-B1,하행
5,강동,1,1802-833,"대합실, B1-B3",B1-B3,하행
5,강동,2,1802-834,"대합실, B3-B1",B3-B1,상행
5,강동,3,1805-630,"대합실, B3-B1",B3-B1,상행
5,강동,4,1802-835,"대합실, B1-B3",B1-B3,하행
5,강동,5,1802-523,"천호 방면8-4, B3-B4",B3-B4,하행
5,강동,6,1802-524,"천호 방면8-4, B4-B3",B4-B3,상행
5,강동,7,1802-525,"둔촌동 방면1-1, B3-B4",B3-B4,하행
5,강동,8,1802-526,"둔촌동 방면1-1, B4-B3",B4-B3,상행
5,강동,11,1805-633,"4번 출구 측, B1-1F",B1-1F,상행
5,강동,12,1805-634,"4번 출구 측, 1F-B1",1F-B1,하행
5,길동,1,1808-893,"대합실, BM2-B1",BM2-B1,상행
5,길동,2,1808-894,"대합실, B1-BM2",B1-BM2,하행
5,길동,3,1808-895,"1번 출구 측, B1-BM",B1-BM,상행
5,굽은다리,1,1801-838,"1번 출구 측, 1F-B1",1F-B1,하행
5,굽은다리,2,1801-839,"1번 출구 측, B1-1F",B1-1F,상행
5,굽은다리,3,1805-658,"4번 출구 측, B1-1F",B1-1F,상행
5,굽은다리,4,1805-659,"4번 출구 측, 1F-B1",1F-B1,하행
5,명일,1,1802-528,"4번 출구 측, B1-1F",B1-1F,상행
5,명일,2,1802-529,"4번 출구 측, 1F-B1",1F-B1,하행
5,고덕,1,1805-657,"4번 출구 측, 1F-B1",1F-B1,하행
5,고덕,2,1803-009,"4번 출구 측, B1-1F",B1-1F,상행
5,고덕,3,1811-567,"대합실(1,2번 출구 사이), B1-BM",B1-BM,상행
5,고덕,4,1811-568,"대합실(1,2번 출구 사이), BM-B1",BM-B1,하행
5,고덕,5,1811-569,"1번 출구 측, M1-1F",M1-1F,상행
5,고덕,6,1811-570,"1번 출구 측, 1F-M1",1F-M1,하행
5,상일동,3,1810-791,"1번 출구 측, B1-1F",B1-1F,상행
5,상일동,4,1810-792,"1번 출구 측, 1F-B1",1F-B1,하행
5,상일동,5,1810-787,"2번 출구 측, B1-1F",B1-1F,상행
5,상일동,6,1810-788,"2번 출구 측, 1F-B1",1F-B1,하행
5,상일동,7,1810-797,"3번 출구 측, B1-1F",B1-1F,상행
5,상일동,8,1810-798,"3번 출구 측, 1F-B1",1F-B1,하행
5,상일동,9,1810-795,"4번 출구 측, B1-1F",B1-1F,상행
5,상일동,10,1810-796,"4번 출구 측, 1F-B1",1F-B1,하행
5,상일동,11,1811-737,"5번 출구 측, B1-1F",B1-1F,상행
5,상일동,12,1811-738,"5번 출구 측, 1F-B1",1F-B1,하행
5,상일동,13,1811-739,"6번 출구 측, B1-1F",B1-1F,상행
5,상일동,14,1811-740,"6번 출구 측, 1F-B1",1F-B1,하행
5,상일동,15,1811-723,"7번 출구 측, B1-1F",B1-1F,상행
5,상일동,16,1811-724,"7번 출구 측, 1F-B1",1F-B1,하행
5,상일동,17,1811-725,"8번 출구 측, B1-1F",B1-1F,상행
5,상일동,18,1811-726,"8번 출구 측, 1F-B1",1F-B1,하행
5(연),강일,1,1811-741,"상일동 방면2-3, B3-B2",B3-B2,상행
5(연),강일,2,1811-742,"상일동 방면2-3, B2-B3",B2-B3,하행
5(연),강일,3,1811-743,"미사 방면7-2, B3-B2",B3-B2,상행
5(연),강일,4,1811-744,"미사 방면7-2, B2-B3",B2-B3,하행
5(연),강일,5,1811-745,"상일동 방면7-2, B3-B2",B3-B2,상행
5(연),강일,6,1811-746,"상일동 방면7-2, B2-B3",B2-B3,하행
5(연),강일,7,1811-747,"미사 방면2-3, B3-B2",B3-B2,상행
5(연),강일,8,1811-748,"미사 방면2-3, B2-B3",B2-B3,하행
5(연),강일,9,1811-749,"1번 출구 측, B1-1F",B1-1F,상행
5(연),강일,10,1811-750,"1번 출구 측, 1F-B1",1F-B1,하행
5(연),강일,11,1811-829,"2번 출구 측, B1-1F",B1-1F,상행
5(연),강일,12,1811-830,"2번 출구 측, 1F-B1",1F-B1,하행
5(연),강일,13,1811-751,"3번 출구 측, B1-1F",B1-1F,상행
5(연),강일,14,1811-752,"3번 출구 측, 1F-B1",1F-B1,하행
5(연),강일,15,1811-753,"4번 출구 측, B1-1F",B1-1F,상행
5(연),강일,16,1811-754,"4번 출구 측, 1F-B1",1F-B1,하행
5(연),미사,1,3813-238,"하남풍산 방면6-1, B1-B2",B1-B2,하행
5(연),미사,2,3813-237,"하남풍산 방면6-1, B2-B1",B2-B1,상행
5(연),미사,3,3813-242,"강일 방면6-1, B1-B2",B1-B2,하행
5(연),미사,4,3813-241,"강일 방면6-1, B2-B1",B2-B1,상행
5(연),미사,5,3813-240,"하남풍산 방면3-4, B2-B1",B2-B1,상행
5(연),미사,6,3813-239,"하남풍산 방면3-4, B1-B2",B1-B2,하행
5(연),미사,7,3811-800,"1번 출구 측, B1-1F",B1-1F,상행
5(연),미사,8,3811-799,"1번 출구 측, 1F-B1",1F-B1,하행
5(연),미사,9,3811-804,"2번 출구 측, B1-1F",B1-1F,상행
5(연),미사,10,3811-803,"2번 출구 측, 1F-B1",1F-B1,하행
5(연),미사,11,3811-794,"4번 출구 측, B1-1F",B1-1F,상행
5(연),미사,12,3811-793,"4번 출구 측, 1F-B1",1F-B1,하행
5(연),미사,13,3811-789,"5번 출구 측, B1-1F",B1-1F,상행
5(연),미사,14,3811-790,"5번 출구 측, 1F-B1",1F-B1,하행
5(연),미사,15,3811-792,"6번 출구 측, B1-1F",B1-1F,상행
5(연),미사,16,3811-791,"6번 출구 측, 1F-B1",1F-B1,하행
5(연),미사,17,3811-802,"7번 출구 측, B1-1F",B1-1F,상행
5(연),미사,18,3811-801,"7번 출구 측, 1F-B1",1F-B1,하행
5(연),미사,19,3811-796,"9번 출구 측, B1-1F",B1-1F,상행
5(연),미사,20,3811-795,"9번 출구 측, 1F-B1",1F-B1,하행
5(연),미사,21,3811-798,"10번 출구 측, B1-1F",B1-1F,상행
5(연),미사,22,3811-797,"10번 출구 측, 1F-B1",1F-B1,하행
5(연),하남풍산,1,3813-248,"미사 방면3-3, B2-B1",B2-B1,상행
5(연),하남풍산,2,3813-249,"미사 방면3-3, B1-B2",B1-B2,하행
5(연),하남풍산,3,3813-254,"하남시청 방면6-2, B2-B1",B2-B1,상행
5(연),하남풍산,4,3813-255,"하남시청 방면6-2, B1-B2",B1-B2,하행
5(연),하남풍산,5,3813-250,"미사 방면6-1, B2-B1",B2-B1,상행
5(연),하남풍산,6,3813-251,"미사 방면6-1, B1-B2",B1-B2,하행
5(연),하남풍산,7,3813-252,"하남시청 방면3-4, B2-B1",B2-B1,상행
5(연),하남풍산,8,3813-253,"하남시청 방면3-4, B1-B2",B1-B2,하행
5(연),하남풍산,9,3811-757,"1번 출구 측, B1-1F",B1-1F,상행
5(연),하남풍산,10,3811-758,"1번 출구 측, 1F-B1",1F-B1,하행
5(연),하남풍산,12,3811-759,"2번 출구 측, B1-1F",B1-1F,상행
5(연),하남풍산,11,3811-760,"2번 출구 측, 1F-B1",1F-B1,하행
5(연),하남풍산,13,3811-761,"3번 출구 측, B1-1F",B1-1F,상행
5(연),하남풍산,14,3811-762,"3번 출구 측, 1F-B1",1F-B1,하행
5(연),하남풍산,15,3811-763,"4번 출구 측, B1-1F",B1-1F,상행
5(연),하남풍산,16,3811-764,"4번 출구 측, 1F-B1",1F-B1,하행
5(연),하남풍산,17,3811-765,"5번 출구 측, B1-1F",B1-1F,상행
5(연),하남풍산,18,3811-766,"5번 출구 측, 1F-B1",1F-B1,하행
5(연),하남풍산,19,3811-767,"6번 출구 측, B1-1F",B1-1F,상행
5(연),하남풍산,20,3811-768,"6번 출구 측, 1F-B1",1F-B1,하행
5(연),하남풍산,21,3811-769,"7번 출구 측, B1-1F",B1-1F,상행
5(연),하남풍산,22,3811-770,"7번 출구 측, 1F-B1",1F-B1,하행
5(연),하남풍산,23,3811-771,"8번 출구 측, B1-1F",B1-1F,상행
5(연),하남풍산,24,3811-772,"8번 출구 측, 1F-B1",1F-B1,하행
5(연),하남시청,1,3811-949,"하남풍산 방면3-3, B2-B1",B2-B1,상행
5(연),하남시청,2,3811-950,"하남풍산 방면3-3, B1-B2",B1-B2,하행
5(연),하남시청,3,3811-951,"하남검단산 방면6-2, B2-B1",B2-B1,상행
5(연),하남시청,4,3811-952,"하남검단산 방면6-2, B1-B2",B1-B2,하행
5(연),하남시청,5,3811-955,"하남풍산 방면6-2, B2-B1",B2-B1,상행
5(연),하남시청,6,3811-956,"하남풍산 방면6-2, B1-B2",B1-B2,하행
5(연),하남시청,7,3811-953,"하남검단산 방면3-3, B2-B1",B2-B1,상행
5(연),하남시청,8,3811-954,"하남검단산 방면3-3, B1-B2",B1-B2,하행
5(연),하남시청,9,3811-947,"대합실, B1-BM",B1-BM,상행
5(연),하남시청,10,3811-948,"대합실, BM-B1",BM-B1,하행
5(연),하남시청,11,3811-945,"대합실, B1-BM",B1-BM,상행
5(연),하남시청,12,3811-946,"대합실, BM-B1",BM-B1,하행
5(연),하남시청,13,3811-986,"대합실(1,2번 출구 측), BM-M",BM-M,상행
5(연),하남시청,14,3811-985,"대합실(1,2번 출구 측), M-BM",M-BM,하행
5(연),하남시청,15,3811-984,"1번 출구 측, M-1F",M-1F,상행
5(연),하남시청,16,3811-983,"1번 출구 측, 1F-M",1F-M,하행
5(연),하남시청,17,3811-975,"2번 출구 측, M-1F",M-1F,상행
5(연),하남시청,18,3811-982,"2번 출구 측, 1F-M",1F-M,하행
5(연),하남시청,19,3811-939,"3번 출구 측, BM-1F",BM-1F,상행
5(연),하남시청,20,3811-940,"3번 출구 측, 1F-BM",1F-BM,하행
5(연),하남시청,21,3811-941,"4번 출구 측, B1-1F",B1-1F,상행
5(연),하남시청,22,3811-942,"4번 출구 측, 1F-B1",1F-B1,하행
5(연),하남시청,23,3811-943,"5번 출구 측, B1-1F",B1-1F,상행
5(연),하남시청,24,3811-944,"5번 출구 측, 1F-B1",1F-B1,하행
5(연),하남시청,25,3811-937,"대합실, B1-M",B1-M,상행
5(연),하남시청,26,3811-938,"대합실, M-B1",M-B1,하행
5(연),하남시청,27,3811-935,"6번 출구 측, M-1F",M-1F,상행
5(연),하남시청,28,3811-936,"6번 출구 측, 1F-M",1F-M,하행
5(연),하남검단산,1,3811-859,"하남시청 방면2-4, B3-B2",B3-B2,상행
5(연),하남검단산,2,3811-860,"하남시청 방면2-4, B2-B3",B2-B3,하행
5(연),하남검단산,3,3811-861,"하남검단산 방면7-1, B3-B2",B3-B2,상행
5(연),하남검단산,4,3811-862,"하남검단산 방면7-1, B2-B3",B2-B3,하행
5(연),하남검단산,5,3811-863,"하남시청 방면6-2, B3-B2",B3-B2,상행
5(연),하남검단산,6,3811-864,"하남시청 방면6-2, B2-B3",B2-B3,하행
5(연),하남검단산,7,3811-865,"하남검단산 방면3-3, B3-B2",B3-B2,상행
5(연),하남검단산,8,3811-866,"하남검단산 방면3-3, B2-B3",B2-B3,하행
5(연),하남검단산,9,3811-867,"대합실, B2-B1",B2-B1,상행
5(연),하남검단산,10,3811-868,"대합실, B1-B2",B1-B2,하행
5(연),하남검단산,11,3811-869,"대합실, B2-B1",B2-B1,상행
5(연),하남검단산,12,3811-870,"대합실, B1-B2",B1-B2,하행
5(연),하남검단산,13,3811-871,"1번 출구 측, B2-1F",B2-1F,상행
5(연),하남검단산,14,3811-872,"1번 출구 측, 1F-B2",1F-B2,하행
5(연),하남검단산,15,3811-875,"2번 출구 측, B2-1F",B2-1F,상행
5(연),하남검단산,16,3811-876,"2번 출구 측, 1F-B2",1F-B2,하행
5(연),하남검단산,17,3811-877,"3번 출구 측, B2-1F",B2-1F,상행
5(연),하남검단산,18,3811-878,"3번 출구 측, 1F-B2",1F-B2,하행
5(연),하남검단산,19,3811-873,"4번 출구 측, B2-1F",B2-1F,상행
5(연),하남검단산,20,3811-874,"4번 출구 측, 1F-B2",1F-B2,하행
5,둔촌동,1,1801-842,"1번 출구 측, B1-BM",B1-BM,상행
5,둔촌동,2,1801-843,"2번 출구 측, BM-B1",BM-B1,하행
5,둔촌동,3,1801-844,"3번 출구 측, B1-BM",B1-BM,상행
5,둔촌동,4,1801-845,"4번 출구 측, B1-BM",B1-BM,상행
5,올림픽공원,1,1809-917,"둔촌동 방면6-1, B3-B2",B3-B2,상행
5,올림픽공원,2,1809-920,"둔촌동 방면6-1, B2-B3",B2-B3,하행
5,올림픽공원,3,1811-199,"방이 방면3-4, B3-B2",B3-B2,상행
5,올림픽공원,4,1811-200,"방이 방면3-4, B2-B3",B2-B3,하행
5,방이,1,1808-714,"4번 출구 측, B1-1F",B1-1F,상행
5,방이,2,1808-715,"4번 출구 측, 1F-B1",1F-B1,하행
5,오금,1,1801-959,"3,4번 출구 측, BM-B1",BM-B1,하행
5,오금,2,1801-960,"3,4번 출구 측, B1-BM",B1-BM,상행
5,오금,3,1801-961,"5번 출구 측, B1-BM",B1-BM,상행
5,오금,4,1805-669,"환승통로(방화방면 승강장), B3-B2",B3-B2,상행
5,오금,5,1805-670,"환승통로(방화방면 승강장), B2-B3",B2-B3,하행
5,오금,6,1805-671,"환승통로(마천방면 승강장), B3-B2",B3-B2,상행
5,오금,7,1805-672,"환승통로(마천방면 승강장), B2-B3",B2-B3,하행
5,개롱,1,1805-655,"3번 출구 측, 1F-B1",1F-B1,하행
5,개롱,2,1805-656,"3번 출구 측, B1-1F",B1-1F,상행
5,거여,1,1801-962,"2번 출구 측, B1-BM",B1-BM,상행
5,거여,2,1801-963,"대합실(5, 6번출구 방면), B1-BM",B1-BM,상행
5,거여,3,1811-847,"6번 출구 측, B2-B4",B2-B4,하행
5,마천,1,1801-971,"거여 방면3-1, B4-B2",B4-B2,상행
5,마천,2,1801-972,"거여 방면3-1, B2-B4",B2-B4,하행
5,마천,3,1801-973,"마천 방면6-4, B4-B2",B4-B2,상행
5,마천,4,1801-974,"마천 방면6-4, B2-B4",B2-B4,하행
5,마천,5,1801-975,"1번 출구 측, 1F-B1",1F-B1,하행
5,마천,6,1801-976,"1번 출구 측, B1-1F",B1-1F,상행
5,마천,7,1805-635,"대합실(2번출구 방면), B1-BM2",B1-BM2,하행
5,마천,8,1805-636,"대합실(2번출구 방면), BM2-B1",BM2-B1,상행
5,마천,9,1805-637,"2번 출구 측, 1F-B1",1F-B1,하행
5,마천,10,1805-638,"2번 출구 측, B1-1F",B1-1F,상행
6,응암,1,1808-105,"대합실, B2-B1",B2-B1,상행
6,응암,2,1808-106,"대합실, B1-B2",B1-B2,하행
6,응암,3,1809-469,"2번 출구 측, B1-1F",B1-1F,상행
6,응암,4,1809-470,"2번 출구 측, 1F-B1",1F-B1,하행
6,역촌,1,1800-574,"응암 방면4-1, B4-B1",B4-B1,상행
6,역촌,2,1800-575,"응암 방면4-1, B1-B4",B1-B4,하행
6,역촌,3,1808-101,"4번 출구 측, B1-1F",B1-1F,상행
6,역촌,4,1808-102,"4번 출구 측, 1F-B1",1F-B1,하행
6,역촌,5,1808-103,"2번 출구 측, 1F-B1",1F-B1,하행
6,역촌,6,1808-104,"2번 출구 측, B1-1F",B1-1F,상행
6,불광,1,1800-983,"역촌 방면7-2, B2-B4",B2-B4,하행
6,불광,2,1800-984,"역촌 방면7-2, B4-B2",B4-B2,상행
6,불광,3,1800-985,"역촌 방면2-2, B4-B2",B4-B2,상행
6,불광,4,1800-986,"역촌 방면2-2, B2-B4",B2-B4,하행
6,불광,5,1800-987,"환승통로, B2(6호선)-B2(3호선)",B2(6호선)-B2(3호선),상행
6,불광,6,1800-988,"환승통로, B2(3호선)-B2(6호선)",B2(3호선)-B2(6호선),하행
6,불광,7,1800-989,"환승통로, B2(6호선)-B2(3호선)",B2(6호선)-B2(3호선),상행
6,불광,8,1800-990,"환승통로, B2(3호선)-B2(6호선)",B2(3호선)-B2(6호선),하행
6,불광,9,1800-991,"대합실, BM-B1",BM-B1,하행
6,불광,10,1800-992,"대합실, B1-BM",B1-BM,상행
6,불광,11,1800-993,"대합실, B1-BM",B1-BM,상행
6,불광,12,1800-994,"대합실, BM-B1",BM-B1,하행
6,독바위,1,1800-836,"연신내 방면3-2, B5-B6",B5-B6,하행
6,독바위,2,1800-837,"연신내 방면3-2, B6-B5",B6-B5,상행
6,독바위,3,1800-838,"대합실, B5-B3",B5-B3,상행
6,독바위,4,1800-839,"대합실, B3-B5",B3-B5,하행
6,독바위,5,1800-840,"대합실, B1-B3",B1-B3,하행
6,독바위,6,1800-841,"대합실, B3-B1",B3-B1,상행
6,독바위,7,1800-842,"1번 출구 측, B1-BM",B1-BM,상행
6,독바위,8,1800-843,"1번 출구 측, BM-1F",BM-1F,상행
6,연신내,1,1800-598,"구산 방면6-1, B5-B3",B5-B3,상행
6,연신내,2,1800-599,"구산 방면6-1, B5-B3",B5-B3,상행
6,연신내,3,1800-600,"구산 방면6-1, B3-B5",B3-B5,하행
6,연신내,4,1800-595,"대합실, B1-B3",B1-B3,하행
6,연신내,5,1800-596,"대합실, B1-B3",B1-B3,하행
6,연신내,6,1800-597,"대합실, B3-B1",B3-B1,상행
6,구산,1,1800-591,"응암 방면5-4, B4-B1",B4-B1,상행
6,구산,2,1800-592,"응암 방면5-4, B1-B4",B1-B4,하행
6,새절,1,1809-467,"응암 방면3-3, B2-B1",B2-B1,상행
6,새절,2,1809-468,"응암 방면3-3, B1-B2",B1-B2,하행
6,새절,3,1809-465,"증산 방면3-4, B2-B1",B2-B1,상행
6,새절,4,1809-466,"증산 방면3-4, B1-B2",B1-B2,하행
6,증산,1,1800-397,"1번 출구 측, B1-BM",B1-BM,상행
6,증산,2,1800-398,"4번 출구 측, B1-BM",B1-BM,상행
6,증산,3,1809-463,"새절 방면3-4, B2-B1",B2-B1,상행
6,증산,4,1809-464,"새절 방면3-4, B1-B2",B1-B2,하행
6,증산,5,1809-461,"디지털미디어시티 방면3-3, B2-B1",B2-B1,상행
6,증산,6,1809-462,"디지털미디어시티 방면3-3, B1-B2",B1-B2,하행
6,디지털미디어시티,1,1808-915,"증산 방면1-1, B2-B1",B2-B1,상행
6,디지털미디어시티,2,1808-916,"월드컵경기장 방면8-4, B2-B1",B2-B1,상행
6,디지털미디어시티,3,1808-917,"월드컵경기장 방면8-4, B2-B1",B2-B1,상행
6,디지털미디어시티,4,1808-918,"월드컵경기장 방면1-1, B2-B1",B2-B1,상행
6,디지털미디어시티,5,1808-919,"4번 출구 측, B1-1F",B1-1F,상행
6,디지털미디어시티,6,1808-920,"4번 출구 측, 1F-B1",1F-B1,하행
6,디지털미디어시티,7,1808-921,"2번 출구 측, 1F-B1",1F-B1,하행
6,디지털미디어시티,8,1808-922,"2번 출구 측, B1-1F",B1-1F,상행
6,월드컵경기장,1,1800-851,"3번 출구 측, B1-1F",B1-1F,상행
6,월드컵경기장,2,1800-852,"3번 출구 측, B1-1F",B1-1F,상행
6,월드컵경기장,3,1800-853,"3번 출구 측, 1F-B1",1F-B1,하행
6,월드컵경기장,4,1800-854,"3번 출구 측, 1F-B1",1F-B1,하행
6,월드컵경기장,5,1800-855,"2번 출구 측, 1F-B1",1F-B1,하행
6,월드컵경기장,6,1800-856,"2번 출구 측, 1F-B1",1F-B1,하행
6,월드컵경기장,7,1800-857,"2번 출구 측, B1-1F",B1-1F,상행
6,월드컵경기장,8,1800-858,"2번 출구 측, B1-1F",B1-1F,상행
6,월드컵경기장,9,1800-584,"1번 출구 측, 1F-B1",1F-B1,하행
6,월드컵경기장,10,1800-768,"1번 출구 측, 1F-B1",1F-B1,하행
6,월드컵경기장,11,1800-769,"1번 출구 측, B1-1F",B1-1F,상행
6,월드컵경기장,12,1800-800,"1번 출구 측, B1-1F",B1-1F,상행
6,마포구청,1,1800-867,"1번 출구 측, 1F-B1",1F-B1,하행
6,마포구청,2,1800-868,"1번 출구 측, B1-1F",B1-1F,상행
6,마포구청,3,1800-846,"8번 출구 측, 1F-B1",1F-B1,하행
6,마포구청,4,1800-869,"3번 출구 측, 1F-B1",1F-B1,하행
6,마포구청,5,1800-870,"3번 출구 측, B1-1F",B1-1F,상행
6,마포구청,6,1800-871,"4번 출구 측, 1F-B1",1F-B1,하행
6,마포구청,7,1800-872,"4번 출구 측, B1-1F",B1-1F,상행
6,마포구청,8,1800-875,"5번 출구 측, 1F-BM",1F-BM,하행
6,마포구청,9,1800-876,"5번 출구 측, BM-1F",BM-1F,상행
6,마포구청,10,1800-873,"6, 7번 출구 사이, BM-B1",BM-B1,하행
6,마포구청,11,1800-874,"6, 7번 출구 사이, B1-BM",B1-BM,상행
6,마포구청,12,1810-496,"8번 출구 측, B1-1F",B1-1F,상행
6,망원,1,1800-899,"2번 출구 측, B1-BM",B1-BM,상행
6,망원,2,1800-900,"1번 출구 측, B1-BM",B1-BM,상행
6,합정,1,1808-923,"망원 방면3-3, B3-B2",B3-B2,상행
6,합정,2,1808-924,"상수 방면6-1, B2-B3",B2-B3,하행
6,합정,3,1808-925,"상수 방면6-1, B3-B2",B3-B2,상행
6,합정,4,1808-926,"환승통로, B1-B2",B1-B2,하행
6,합정,5,1808-927,"환승통로, B2-B1",B2-B1,상행
6,합정,6,1808-928,"환승통로, B1-B2",B1-B2,하행
6,합정,7,1808-929,"환승통로, B2-B1",B2-B1,상행
6,합정,8,1808-930,"대합실, B2-B1",B2-B1,상행
6,합정,9,1808-931,"대합실, B1-B2",B1-B2,하행
6,합정,10,1808-932,"5번 출구 측, B1-1F",B1-1F,상행
6,합정,15,1810-127,"8번 출구 측, 1F-B1",1F-B1,하행
6,합정,16,1810-128,"8번 출구 측, B1-1F",B1-1F,상행
6,상수,1,1808-933,"합정 방면3-3, 광흥창 방면6-1, B2-B3",B2-B3,하행
6,상수,2,1808-934,"합정 방면3-3, 광흥창 방면6-1, B3-B2",B3-B2,상행
6,상수,3,1808-937,"대합실, B1-B2",B1-B2,하행
6,상수,4,1808-938,"대합실, B2-B1",B2-B1,상행
6,상수,5,1808-935,"1,2번 출구 측, BM-B1",BM-B1,하행
6,상수,6,1808-936,"1,2번 출구 측, B1-BM",B1-BM,상행
6,상수,7,1808-939,"3,4번 출구 측, BM-B1",BM-B1,하행
6,상수,8,1808-940,"3,4번 출구 측, B1-BM",B1-BM,상행
6,상수,9,1808-941,"3번 출구 측, 1F-BM",1F-BM,하행
6,상수,10,1808-942,"3번 출구 측, BM-1F",BM-1F,상행
6,광흥창,1,1808-943,"상수 방면1-1, 대흥 방면8-4, B3-B2",B3-B2,상행
6,광흥창,2,1808-944,"상수 방면8-4, 대흥 방면1-1, B3-B2",B3-B2,상행
6,광흥창,3,1808-945,"대합실, B2-B1",B2-B1,상행
6,광흥창,4,1808-946,"대합실, B2-B1",B2-B1,상행
6,광흥창,5,1808-185,"2번 출구 측, B1-BM",B1-BM,상행
6,광흥창,6,1808-947,"6번 출구 측, B1-BM",B1-BM,상행
6,광흥창,7,1808-948,"3번 출구 측, B1-BM",B1-BM,상행
6,광흥창,8,1808-174,"2번 출구 측, BM-1F",BM-1F,상행
6,광흥창,9,1808-175,"2번 출구 측, 1F-BM",1F-BM,하행
6,대흥,1,1800-999,"대합실, B2-B1",B2-B1,상행
6,대흥,2,1801-000,"대합실, B1-B2",B1-B2,하행
6,대흥,3,1800-997,"2번 출구 측, B1-BM",B1-BM,상행
6,대흥,4,1800-998,"4번 출구 측, B1-BM",B1-BM,상행
6,대흥,5,1813-891,"1번 출구 측, B1-1F",B1-1F,상행
6,대흥,6,1813-892,"1번 출구 측, 1F-B1",1F-B1,하행
6,공덕,1,1800-995,"7번 출구 측, 1F-B1",1F-B1,하행
6,공덕,2,1800-996,"7번 출구 측, B1-1F",B1-1F,상행
6,공덕,3,1810-055,"환승통로(응암방면 승강장), B3-B2",B3-B2,상행
6,공덕,4,1810-056,"환승통로(응암방면 승강장), B2-B3",B2-B3,하행
6,공덕,5,1808-568,"환승통로(신내방면 승강장), B3-B2",B3-B2,상행
6,공덕,6,1809-238,"환승통로(신내방면 승강장), B2-B3",B2-B3,하행
6,효창공원앞,1,1800-376,"대합실, B2-B1",B2-B1,상행
6,효창공원앞,2,1800-377,"대합실, B1-B2",B1-B2,하행
6,효창공원앞,3,1800-378,"6번 출구 측, B1-1F",B1-1F,상행
6,효창공원앞,4,1800-379,"6번 출구 측, 1F-B1",1F-B1,하행
6,효창공원앞,5,1810-728,"공덕 방면6-4, 삼각지 방면3-1, B3-B2",B3-B2,상행
6,효창공원앞,6,1810-727,"공덕 방면6-4, 삼각지 방면3-1, B2-B3",B2-B3,하행
6,삼각지,1,1800-698,"대합실, B1-B3",B1-B3,하행
6,삼각지,2,1800-699,"대합실, B3-B1",B3-B1,상행
6,삼각지,3,1800-700,"대합실, B3-B1",B3-B1,상행
6,삼각지,4,1800-701,"대합실, B1-B3",B1-B3,하행
6,녹사평,1,1800-380,"삼각지 방면3-3, 이태원 방면6-2, B4-B5",B4-B5,하행
6,녹사평,2,1800-381,"삼각지 방면3-3, 이태원 방면6-2, B5-B4",B5-B4,상행
6,녹사평,3,1800-382,"삼각지 방면5-4, 이태원 방면4-1, B5-B4",B5-B4,상행
6,녹사평,4,1800-383,"삼각지 방면5-4, 이태원 방면4-1, B4-B5",B4-B5,하행
6,녹사평,5,1800-384,"대합실, B2-B4",B2-B4,하행
6,녹사평,6,1800-385,"대합실, B4-B2",B4-B2,상행
6,녹사평,7,1800-386,"대합실, B4-B2",B4-B2,상행
6,녹사평,8,1800-387,"대합실, B1-B2",B1-B2,하행
6,녹사평,9,1800-388,"대합실, B2-B1",B2-B1,상행
6,녹사평,10,1800-389,"2번 출구 측, 1F-B1",1F-B1,하행
6,녹사평,11,1800-390,"2번 출구 측, B1-1F",B1-1F,상행
6,녹사평,12,1800-391,"3번 출구 측, 1F-B1",1F-B1,하행
6,녹사평,13,1800-392,"3번 출구 측, B1-1F",B1-1F,상행
6,이태원,1,1800-844,"대합실, B4-B1",B4-B1,상행
6,이태원,2,1800-845,"대합실, B1-B4",B1-B4,하행
6,이태원,3,1809-499,"대합실, B1-BM",B1-BM,상행
6,이태원,4,1809-500,"대합실, BM-B1",BM-B1,하행
6,한강진,1,1808-191,"대합실, B3-B1",B3-B1,상행
6,한강진,2,1808-192,"대합실, B1-B3",B1-B3,하행
6,한강진,3,1810-744,"2번 출구 측, BM-1F",BM-1F,상행
6,한강진,4,1810-743,"2번 출구 측, 1F-BM",1F-BM,하행
6,버티고개,1,1812-510,"대합실, B1-B2",B1-B2,하행
6,버티고개,2,1812-500,"대합실, B2-B1",B2-B1,상행
6,버티고개,3,1808-199,"3번 출구 측, B1-1F",B1-1F,상행
6,버티고개,4,1808-200,"3번 출구 측, 1F-B1",1F-B1,하행
6,약수,1,1809-212,"환승통로, B2-B3",B2-B3,하행
6,약수,2,1800-582,"환승통로, B3-B2",B3-B2,상행
6,약수,3,1800-583,"환승통로, B2-B3",B2-B3,하행
6,약수,4,1809-213,"환승통로, B3-B2",B3-B2,상행
6,약수,5,1809-214,"7, 8번 출구 측, B1-BM",B1-BM,상행
6,약수,6,1809-215,"7, 8번 출구 측, BM-B1",BM-B1,하행
6,약수,7,1809-209,"환승통로, B2-B1",B2-B1,상행
6,약수,8,1809-210,"환승통로, B1-B2",B1-B2,하행
6,약수,9,1809-211,"6번 출구 측, B1-BM",B1-BM,상행
6,약수,10,1801-048,"7번 출구 측, BM-1F",BM-1F,상행
6,약수,11,1808-526,"7번 출구 측, 1F-BM",1F-BM,하행
6,청구,1,1800-859,"환승통로, B3-B2",B3-B2,상행
6,청구,2,1800-860,"환승통로, B2-B3",B2-B3,하행
6,청구,3,1800-861,"환승통로, B3-B2",B3-B2,상행
6,청구,4,1800-862,"환승통로, B2-B3",B2-B3,하행
6,청구,5,1800-863,"1번 출구 측, B1-BM",B1-BM,상행
6,청구,6,1800-864,"1번 출구 측, BM-B1",BM-B1,하행
6,청구,7,1800-865,"3번 출구 측, BM-B1",BM-B1,하행
6,청구,8,1800-866,"3번 출구 측, B1-BM",B1-BM,상행
6,청구,9,1810-109,"1번 출구 측, BM-1F",BM-1F,상행
6,청구,10,1810-110,"1번 출구 측, 1F-BM",1F-BM,하행
6,신당,1,1808-979,"환승통로, B3-B2",B3-B2,상행
6,신당,2,1808-980,"환승통로, B2-B3",B2-B3,하행
6,신당,3,1808-975,"청구 방면2-2, 동묘앞 방면7-3, B1-B3",B1-B3,하행
6,신당,4,1808-976,"청구 방면2-2, 동묘앞 방면7-3, B3-B1",B3-B1,상행
6,신당,5,1808-977,"청구 방면6-1, 동묘앞 방면3-4, B3-B1",B3-B1,상행
6,신당,6,1808-978,"청구 방면6-1, 동묘앞 방면3-4, B1-B3",B1-B3,하행
6,신당,7,1808-981,"10번 출구 측, 1F-B1",1F-B1,하행
6,신당,8,1808-982,"10번 출구 측, B1-1F",B1-1F,상행
6,신당,9,1800-683,"환승통로, B2-B1",B2-B1,상행
6,신당,10,1800-684,"환승통로, B1-B2",B1-B2,하행
6,신당,11,1800-685,"환승통로, B1-B2",B1-B2,하행
6,신당,12,1800-686,"환승통로, B2-B1",B2-B1,상행
6,신당,13,1800-687,"환승통로, B1-B2",B1-B2,하행
6,신당,14,1800-688,"환승통로, B2-B1",B2-B1,상행
6,동묘앞,1,1800-068,"신당 방면7-3, 창신 방면2-2, B2-B3",B2-B3,하행
6,동묘앞,2,1800-067,"신당 방면7-3, 창신 방면2-2, B3-B2",B3-B2,상행
6,동묘앞,3,1800-070,"대합실, B2-B3",B2-B3,하행
6,동묘앞,4,1800-069,"대합실, B3-B2",B3-B2,상행
6,동묘앞,5,1800-074,"대합실, B1-B2",B1-B2,하행
6,동묘앞,6,1800-075,"대합실, B2-B1",B2-B1,상행
6,동묘앞,7,1800-071,"대합실, B2-B1",B2-B1,상행
6,동묘앞,8,1800-066,"7번 출구 측, B1-BM",B1-BM,상행
6,동묘앞,9,1800-073,"8번 출구 측, 1F-BM",1F-BM,하행
6,동묘앞,10,1800-072,"8번 출구 측, BM-1F",BM-1F,상행
6,동묘앞,11,1810-051,"신당 방면2-3, 창신 방면7-2, B3-B2",B3-B2,상행
6,동묘앞,12,1810-052,"신당 방면2-3, 창신 방면7-2, B2-B3",B2-B3,하행
6,창신,1,1800-051,"대합실, B3-B1",B3-B1,상행
6,창신,2,1800-052,"대합실, B1-B3",B1-B3,하행
6,창신,3,1800-065,"2번 출구 측, B1-BM",B1-BM,상행
6,보문,1,1809-118,"대합실, B2-B1",B2-B1,상행
6,보문,2,1809-119,"대합실, B1-B2",B1-B2,하행
6,안암,3,1809-116,"1번 출구 측, B1-BM",B1-BM,상행
6,안암,4,1809-117,"1번 출구 측, BM-B1",BM-B1,하행
6,안암,1,1809-114,"4번 출구 측, B1-BM",B1-BM,상행
6,안암,2,1809-115,"4번 출구 측, BM-B1",BM-B1,하행
6,안암,5,1803-147,"대합실, B2-B1",B2-B1,상행
6,안암,6,1803-148,"대합실, B1-B2",B1-B2,하행
6,고려대,1,1809-108,"아이센터 앞(B1), B1-B2",B1-B2,하행
6,고려대,2,1809-109,"화장실 측(B1), B2-B1",B2-B1,상행
6,고려대,3,1809-110,"1번 출구 방면(B1), B1-BM",B1-BM,상행
6,고려대,4,1809-111,"1번 출구 방면(B1), BM-B1",BM-B1,하행
6,고려대,5,1809-112,"6번 출구 측, B1-1F",B1-1F,상행
6,고려대,6,1809-113,"6번 출구 측, 1F-B1",1F-B1,하행
6,고려대,7,1803-396,"4번 출구 측, B1-1F",B1-1F,상행
6,고려대,8,1803-397,"4번 출구 측, 1F-B1",1F-B1,하행
6,고려대,9,1810-503,"안암 방면3-4, B4-B3",B4-B3,상행
6,고려대,10,1810-504,"안암 방면3-4, B3-B4",B3-B4,하행
6,고려대,11,1810-501,"월곡 방면6-1, B4-B3",B4-B3,상행
6,고려대,12,1810-502,"월곡 방면6-1, B3-B4",B3-B4,하행
6,월곡,1,1803-403,"1번 출구 방면(B1), B1-BM",B1-BM,상행
6,월곡,2,1809-103,"4번 출구 방면(B1), B1-BM",B1-BM,상행
6,월곡,3,1809-104,"2번 출구 측, 1F-BM",1F-BM,하행
6,월곡,4,1809-105,"2번 출구 측, BM-1F",BM-1F,상행
6,월곡,5,1803-404,"3번 출구 측, 1F-BM",1F-BM,하행
6,월곡,6,1803-405,"3번 출구 측, BM-1F",BM-1F,상행
6,월곡,7,1810-505,"고려대 방면3-4, B3-B2",B3-B2,상행
6,월곡,8,1810-506,"고려대 방면3-4, B2-B3",B2-B3,하행
6,월곡,9,1803-149,"월곡 방면3-3, B3-B2",B3-B2,상행
6,월곡,10,1803-150,"월곡 방면3-3, B2-B3",B2-B3,하행
6,월곡,11,1803-042,"1번 출구 측, BM-1F",BM-1F,상행
6,월곡,12,1803-043,"1번 출구 측, 1F-BM",1F-BM,하행
6,상월곡,1,1803-401,"화장실 측(B2), B2-B1",B2-B1,상행
6,상월곡,2,1803-402,"화장실 측(B2), B1-B2",B1-B2,하행
6,상월곡,3,1803-398,"2번 출구 방면(B1), B2-1F",B2-1F,상행
6,상월곡,4,1803-399,"3번 출구 방면(B1), B2-1F",B2-1F,상행
6,상월곡,5,1809-740,"2번 출구 측, M1-1F",M1-1F,상행
6,상월곡,6,1809-741,"2번 출구 측, 1F-M1",1F-M1,하행
6,돌곶이,1,1802-487,"1번 출구 방면(B1), B1-BM",B1-BM,상행
6,돌곶이,2,1809-101,"8번 출구 측, B1-1F",B1-1F,상행
6,돌곶이,3,1809-102,"8번 출구 측, 1F-B1",1F-B1,하행
6,돌곶이,4,1802-488,"5번 출구 방면(B1), B1-BM",B1-BM,상행
6,석계,1,1803-422,"돌곶이 방면1-1, B3-B2",B3-B2,상행
6,석계,2,1803-423,"태릉입구 방면8-4, B3-B2",B3-B2,상행
6,석계,3,1803-424,"돌곶이 방면6-3, B3-B2",B3-B2,상행
6,석계,4,1803-425,"태릉입구 방면3-2, B3-B2",B3-B2,상행
6,석계,5,1803-418,"7번 출구 방면(B2), B2-B1",B2-B1,상행
6,석계,6,1803-419,"3번 출구 방면, B1-BM",B1-BM,상행
6,석계,7,1803-420,"4번 출구 측, 1F-B1",1F-B1,하행
6,석계,8,1803-421,"4번 출구 측, B1-1F",B1-1F,상행
6,석계,9,1803-414,"1호선 환승통로(B2, M/W 앞), B1-B2",B1-B2,하행
6,석계,10,1803-415,"1호선 환승통로(B2, M/W 앞), B2-B1",B2-B1,상행
6,석계,11,1803-416,"1호선 환승통로(B2, 승강장방면), 2F-B1",2F-B1,하행
6,석계,12,1803-417,"1호선 환승통로(B2, 승강장방면), B1-2F",B1-2F,상행
6,석계,13,1803-376,"2번 출구 측, 1F-B1",1F-B1,하행
6,석계,14,1803-375,"2번 출구 측, B1-1F",B1-1F,상행
6,태릉입구,1,1803-406,"환승통로(7호선 공릉 방면8-4), B3-B4",B3-B4,하행
6,태릉입구,2,1803-407,"환승통로(7호선 공릉 방면8-4), B4-B3",B4-B3,상행
6,태릉입구,3,1803-408,"환승통로(7호선 먹골 방면1-1), B3-B4",B3-B4,하행
6,태릉입구,4,1803-409,"환승통로(7호선 먹골 방면1-1), B4-B3",B4-B3,상행
6,태릉입구,5,1803-410,"환승통로(6호선 석계 방면8-4), B3-B2",B3-B2,상행
6,태릉입구,6,1803-411,"환승통로(6호선 석계 방면8-4), B2-B3",B2-B3,하행
6,태릉입구,7,1803-412,"환승통로(6호선 화랑대 방면1-1), B3-B2",B3-B2,상행
6,태릉입구,8,1803-413,"환승통로(6호선 화랑대 방면1-1), B2-B3",B2-B3,하행
6,태릉입구,10,1802-498,"7번 출구 측, 1F-B1",1F-B1,하행
6,태릉입구,11,1802-497,"7번 출구 측, B1-1F",B1-1F,상행
6,태릉입구,12,1810-167,"6번 출구 방면(B1), B1-BM",B1-BM,상행
6,태릉입구,13,1810-168,"6번 출구 방면(B1), BM-B1",BM-B1,하행
6,태릉입구,14,1810-169,"6번 출구 측, BM-1F",BM-1F,상행
6,태릉입구,15,1810-170,"6번 출구 측, 1F-BM",1F-BM,하행
6,화랑대,1,1802-481,"6번 출구 측, 1F-BM",1F-BM,하행
6,화랑대,2,1802-482,"3번 출구 측, 1F-B1",1F-B1,하행
6,화랑대,3,1802-483,"3번 출구 측, B1-1F",B1-1F,상행
6,화랑대,4,1802-484,"7번 출구 측, 1F-B1",1F-B1,하행
6,봉화산,1,1803-351,"7번 출구 측, B1-1F",B1-1F,상행
6,봉화산,2,1803-352,"화랑대 방면8-4, B1-B2",B1-B2,하행
6,봉화산,3,1809-120,"신내 방면1-1, B2-B1",B2-B1,상행
6,봉화산,4,1809-121,"3번 출구 측, B1-1F",B1-1F,상행
6,신내,1,1812-436,"환승통로(7-4 경춘선), 1F-2F",1F-2F,상행
6,신내,2,1812-437,"환승통로(7-4 경춘선), 2F-1F",2F-1F,하행
7,수락산,1,1806-701,"3번 출구 측, 1F-B1",1F-B1,하행
7,수락산,2,1806-702,"3번 출구 측, B1-1F",B1-1F,상행
7,수락산,3,1803-091,"1번 출구 측, B1-1F",B1-1F,상행
7,수락산,4,1803-092,"6번 출구 측, B1-1F",B1-1F,상행
7,수락산,5,1810-577,"4번 출구 측, B1-1F",B1-1F,상행
7,수락산,6,1810-578,"4번 출구 측, 1F-B1",1F-B1,하행
7,마들,1,1803-093,"화장실 측(B2), B1-B2",B1-B2,하행
7,마들,2,1803-094,"화장실 측(B2), B2-B1",B2-B1,상행
7,마들,3,1806-815,"3번 출구 측, B1-1F",B1-1F,상행
7,마들,4,1806-816,"3번 출구 측, 1F-B1",1F-B1,하행
7,마들,5,1806-824,"6번 출구 측, B1-1F",B1-1F,상행
7,마들,6,1806-823,"6번 출구 측, 1F-B1",1F-B1,하행
7,마들,7,1810-567,"개집표기 앞(B2), B1-B2",B1-B2,하행
7,마들,8,1810-568,"개집표기 앞(B2), B2-B1",B2-B1,상행
7,노원,1,1806-611,"마들 방면1-1, 중계 방면8-4, B2-B1",B2-B1,상행
7,노원,2,1806-612,"마들 방면1-1, 중계 방면8-4, B1-B2",B1-B2,하행
7,노원,3,1806-613,"마들 방면1-1, 중계 방면8-4, B2-B1",B2-B1,상행
7,노원,4,1806-609,"환승통로(B1, 4호선 방면), B1-BM",B1-BM,상행
7,노원,5,1806-610,"환승통로(B1, 4호선 방면), BM-B1",BM-B1,하행
7,노원,6,1806-698,"환승통로(4호선 방면), FM1-BM1",FM1-BM1,하행
7,노원,7,1806-699,"환승통로(4호선 방면), FM1-BM1",FM1-BM1,하행
7,노원,8,1806-614,"환승통로(4호선 방면), BM1-FM1",BM1-FM1,상행
7,노원,9,1806-615,"환승통로(4호선 방면), BM1-FM1",BM1-FM1,상행
7,노원,10,1803-095,"3번 출구 측, B1-1F",B1-1F,상행
7,노원,11,1803-096,"3번 출구 측, 1F-B1",1F-B1,하행
7,노원,12,1803-151,"6번 출구 측, 1F-B1",1F-B1,하행
7,노원,13,1803-152,"6번 출구 측, B1-1F",B1-1F,상행
7,노원,14,1806-817,"8번 출구 측, B1-1F",B1-1F,상행
7,노원,15,1806-818,"8번 출구 측, 1F-B1",1F-B1,하행
7,중계,1,1803-029,"1번 출구 측, B1-1F",B1-1F,상행
7,중계,2,1803-030,"1번 출구 측, 1F-B1",1F-B1,하행
7,중계,3,1803-032,"3번 출구 측, 1F-B1",1F-B1,하행
7,중계,4,1803-031,"3번 출구 측, B1-1F",B1-1F,상행
7,중계,5,1810-511,"노원 방면3-4, 하계 방면6-1, B2-B3",B2-B3,하행
7,중계,6,1810-512,"노원 방면3-4, 하계 방면6-1, B3-B2",B3-B2,상행
7,중계,7,1810-513,"4번 출구 측, 1F-B1",1F-B1,하행
7,중계,8,1810-514,"4번 출구 측, B1-1F",B1-1F,상행
7,중계,9,1810-598,"6번 출구 측, B1-1F",B1-1F,상행
7,중계,10,1810-599,"6번 출구 측, 1F-B1",1F-B1,하행
7,하계,1,1803-098,"2번 출구 측, B1-1F",B1-1F,상행
7,하계,2,1803-097,"2번 출구 측, 1F-B1",1F-B1,하행
7,하계,3,1803-153,"4번 출구 측, 1F-B1",1F-B1,하행
7,하계,4,1803-154,"4번 출구 측, B1-1F",B1-1F,상행
7,하계,5,1810-541,"3번 출구 측, B1-1F",B1-1F,상행
7,하계,6,1810-542,"3번 출구 측, 1F-B1",1F-B1,하행
7,공릉,1,1806-700,"하계 방면7-3, B4-B2",B4-B2,상행
7,공릉,2,1806-713,"태릉입구 방면2-2, B3-B4",B3-B4,하행
7,공릉,3,1806-714,"대합실, B3-B1",B3-B1,상행
7,공릉,4,1806-715,"대합실, B1-B3",B1-B3,하행
7,공릉,5,1806-841,"4번 출구 측, 1F-B1",1F-B1,하행
7,공릉,6,1806-840,"4번 출구 측, B1-1F",B1-1F,상행
7,태릉입구,1,1806-730,"대합실(B3), B1-B3",B1-B3,하행
7,태릉입구,2,1806-731,"대합실(B3), B3-B1",B3-B1,상행
7,태릉입구,3,1806-732,"대합실(B3), B1-B3",B1-B3,하행
7,태릉입구,4,1806-733,"대합실(B3), B3-B1",B3-B1,상행
7,태릉입구,5,1815-413,"대합실(B3), B1-B3",B1-B3,하행
7,태릉입구,6,1815-414,"대합실(B3), B3-B1",B3-B1,상행
7,태릉입구,7,1810-579,"4번 출구 측, B1-1F",B1-1F,상행
7,태릉입구,8,1810-580,"4번 출구 측, 1F-B1",1F-B1,하행
7,먹골,1,1803-157,"2번 출구 측, 1F-B1",1F-B1,하행
7,먹골,2,1803-158,"2번 출구 측, B1-1F",B1-1F,상행
7,먹골,3,1806-821,"7번 출구 측, B1-1F",B1-1F,상행
7,먹골,4,1806-822,"7번 출구 측, 1F-B1",1F-B1,하행
7,먹골,5,1810-830,"5번 출구 측, B1-1F",B1-1F,상행
7,먹골,6,1810-831,"5번 출구 측, 1F-B1",1F-B1,하행
7,중화,1,1800-934,"먹골 방면3-3, B3-B2",B3-B2,상행
7,중화,2,1800-935,"먹골 방면3-3, B2-B3",B2-B3,하행
7,중화,3,1800-936,"상봉 방면6-1, B3-B2",B3-B2,상행
7,중화,4,1800-937,"상봉 방면6-1, B2-B3",B2-B3,하행
7,중화,5,1800-939,"3번 출구 측, 1F-B1",1F-B1,하행
7,중화,6,1800-940,"3번 출구 측, B1-1F",B1-1F,상행
7,상봉,1,1806-835,"1번 출구 측, 1F-B1",1F-B1,하행
7,상봉,2,1806-834,"1번 출구 측, B1-1F",B1-1F,상행
7,상봉,3,1806-837,"2번 출구 측, 1F-B1",1F-B1,하행
7,상봉,4,1806-836,"2번 출구 측, B1-1F",B1-1F,상행
7,상봉,5,1806-839,"3번 출구 측, 1F-B1",1F-B1,하행
7,상봉,6,1806-838,"3번 출구 측, B1-1F",B1-1F,상행
7,면목,1,1806-601,"대합실, B1-B3",B1-B3,하행
7,면목,2,1806-602,"대합실, B3-B1",B3-B1,상행
7,면목,3,1806-819,"3번 출구 측, B1-1F",B1-1F,상행
7,면목,4,1806-820,"3번 출구 측, 1F-B1",1F-B1,하행
7,면목,5,1803-089,"2번 출구 측, 1F-B1",1F-B1,하행
7,면목,6,1803-090,"2번 출구 측, B1-1F",B1-1F,상행
7,사가정,1,1806-603,"대합실, B1-B3",B1-B3,하행
7,사가정,2,1806-604,"대합실, B3-B1",B3-B1,상행
7,사가정,3,1806-703,"1번 출구 측, 1F-B1",1F-B1,하행
7,사가정,4,1806-704,"1번 출구 측, B1-1F",B1-1F,상행
7,사가정,5,1806-605,"3번 출구 측, 1F-B1",1F-B1,하행
7,사가정,6,1806-606,"3번 출구 측, B1-1F",B1-1F,상행
7,사가정,7,1806-607,"4번 출구 측, 1F-B1",1F-B1,하행
7,사가정,8,1806-608,"4번 출구 측, B1-1F",B1-1F,상행
7,사가정,9,1803-176,"2번 출구 측, B1-1F",B1-1F,상행
7,사가정,10,1803-177 ,"2번 출구 측, 1F-B1",1F-B1,하행
7,용마산,1,1806-734,"대합실, B1-B3",B1-B3,하행
7,용마산,2,1806-735,"대합실, B3-B1",B3-B1,상행
7,용마산,3,1803-155,"대합실, 1F-B1",1F-B1,하행
7,용마산,4,1803-156,"대합실, B1-1F",B1-1F,상행
7,용마산,5,1809-929,"1번 출구 측, B1-1F",B1-1F,상행
7,용마산,6,1809-930,"1번 출구 측, 1F-B1",1F-B1,하행
7,용마산,7,1803-178 ,"3번 출구 측, B1-1F",B1-1F,상행
7,용마산,8,1803-179 ,"3번 출구 측, 1F-B1",1F-B1,하행
7,중곡,1,1806-034,"4번 출구 측, B1-1F",B1-1F,상행
7,중곡,2,1806-035,"4번 출구 측, 1F-B1",1F-B1,하행
7,중곡,3,1811-766,"2번 출구 측, B1-1F",B1-1F,상행
7,중곡,4,1811-767,"2번 출구 측, 1F-B1",1F-B1,하행
7,군자,1,1811-684,"대합실, B2-B3",B2-B3,하행
7,군자,2,1811-683,"대합실, B3-B2",B3-B2,상행
7,군자,3,1811-686,"대합실, B2-B3",B2-B3,하행
7,군자,4,1811-685,"대합실, B3-B2",B3-B2,상행
7,군자,5,1811-681,"대합실, B2-B1",B2-B1,상행
7,군자,6,1811-682,"대합실, B1-B2",B1-B2,하행
7,어린이대공원,1,1801-751,"5번 출구 측, B1-1F",B1-1F,상행
7,어린이대공원,2,1801-752,"5번 출구 측, 1F-B1",1F-B1,하행
7,어린이대공원,3,1806-036,"3번 출구 측, B1-1F",B1-1F,상행
7,어린이대공원,4,1806-037,"3번 출구 측, 1F-B1",1F-B1,하행
7,어린이대공원,5,1811-531,"1번 출구 측, B1-1F",B1-1F,상행
7,어린이대공원,6,1811-532,"1번 출구 측, 1F-B1",1F-B1,하행
7,건대입구,1,1801-691,"대합실(B3, 2호선 환승통로), B3-1F",B3-1F,상행
7,건대입구,2,1801-692,"대합실(B3, 2호선 환승통로), 1F-B3",1F-B3,하행
7,건대입구,3,1805-897,"2호선 환승통로(E/S #1,2 상부), 1F-2F",1F-2F,상행
7,건대입구,4,1805-840,"2호선 환승통로(E/S #1,2 상부), 2F-1F",2F-1F,하행
7,건대입구,5,1801-693,"뚝섬유원지 방면1-1, B2-2F",B2-2F,상행
7,건대입구,6,1801-694,"뚝섬유원지 방면1-1, 2F-B2",2F-B2,하행
7,건대입구,7,1801-472,"어린이대공원 방면7-1, B2-B1",B2-B1,상행
7,건대입구,8,1805-838,"대합실(B2, 3번 출구방면), B2-B1",B2-B1,상행
7,건대입구,9,1805-839,"대합실(B2, 3번 출구방면), B1-B2",B1-B2,하행
7,건대입구,10,1805-837,"3번 출구 측, 1F-B1",1F-B1,하행
7,건대입구,11,1805-836,"3번 출구 측, B1-1F",B1-1F,상행
7,뚝섬유원지,1,1801-591,"1번 출구 측, 2F-1F",2F-1F,하행
7,뚝섬유원지,2,1801-592,"1번 출구 측, 1F-2F",1F-2F,상행
7,뚝섬유원지,3,1801-593,"4번 출구 측, 2F-1F",2F-1F,하행
7,뚝섬유원지,4,1801-594,"4번 출구 측, 1F-2F",1F-2F,상행
7,청담,1,1802-717,"4,5,10,11번 출구방면 통로, B1-B3",B1-B3,하행
7,청담,2,1802-718,"4,5,10,11번 출구방면 통로, B3-B1",B3-B1,상행
7,청담,3,1802-719,"4번 출구 측, B1-1F",B1-1F,상행
7,청담,4,1802-720,"4번 출구 측, 1F-B1",1F-B1,하행
7,청담,5,1805-792,"10번 출구 측, 1F-B1",1F-B1,하행
7,청담,6,1805-793,"10번 출구 측, B1-1F",B1-1F,상행
7,청담,7,1802-875,"1번 출구 측, 1F-B3",1F-B3,하행
7,청담,8,1802-876,"1번 출구 측, B3-1F",B3-1F,상행
7,청담,9,1802-877,"2번 출구 측, 1F-B3",1F-B3,하행
7,청담,10,1802-878,"2번 출구 측, B3-1F",B3-1F,상행
7,청담,11,1802-879,"6번 출구 측, 1F-B3",1F-B3,하행
7,청담,12,1802-880,"6번 출구 측, B3-1F",B3-1F,상행
7,청담,13,1802-881,"7번 출구 측, 1F-B3",1F-B3,하행
7,청담,14,1802-882,"7번 출구 측, B3-1F",B3-1F,상행
7,청담,15,1802-883,"9번 출구 측, 1F-B3",1F-B3,하행
7,청담,16,1802-884,"9번 출구 측, B3-1F",B3-1F,상행
7,강남구청,1,1805-505,"대합실(1~4번출구 방면), B1-B2",B1-B2,하행
7,강남구청,2,1805-506,"대합실(1~4번출구 방면), B2-B1",B2-B1,상행
7,강남구청,3,1805-507,"대합실(1~4번출구 방면), B2-B1",B2-B1,상행
7,강남구청,4,1805-508,"대합실(1~4번출구 방면), B1-B2",B1-B2,하행
7,강남구청,5,1805-639,"1번 출구 측, B1-BM",B1-BM,상행
7,강남구청,6,1805-640,"1번 출구 측, BM-B1",BM-B1,하행
7,강남구청,7,1805-509,"4번 출구 측, B1-BM",B1-BM,상행
7,학동,1,1806-931,"3~5번 출구방면 통로, B1-B2",B1-B2,하행
7,학동,2,1806-932,"3~5번 출구방면 통로, B2-B1",B2-B1,상행
7,학동,3,1806-933,"6~8번 출구방면 통로, B2-B1",B2-B1,상행
7,학동,4,1806-934,"6~8번 출구방면 통로, B1-B2",B1-B2,하행
7,학동,5,1806-935,"1번 출구 측, B1-1F",B1-1F,상행
7,학동,6,1806-936,"1번 출구 측, 1F-B1",1F-B1,하행
7,학동,7,1806-937,"10번 출구 측, B1-1F",B1-1F,상행
7,학동,8,1806-938,"10번 출구 측, 1F-B1",1F-B1,하행
7,학동,9,1805-667,"1,2,9,10번 출구방면 통로, B2-B1",B2-B1,상행
7,학동,10,1805-668,"1,2,9,10번 출구방면 통로, B1-B2",B1-B2,하행
7,논현,1,1802-765,"대합실(1~10번출구 방면), B2-B1",B2-B1,상행
7,논현,2,1802-766,"대합실(1~10번출구 방면), B1-B2",B1-B2,하행
7,논현,3,1802-767,"대합실(1~10번출구 방면), B1-B2",B1-B2,하행
7,논현,4,1802-539,"대합실(1~10번출구 방면), B2-B1",B2-B1,상행
7,논현,5,1802-768,"대합실(1,2번 출구 측), BM-B1",BM-B1,하행
7,논현,6,1802-769,"대합실(1,2번 출구 측), B1-BM",B1-BM,상행
7,논현,7,1802-841,"대합실(9,10번 출구 측), B1-BM",B1-BM,상행
7,논현,8,1802-842,"대합실(9,10번 출구 측), BM-B1",BM-B1,하행
7,논현,9,1802-770,"대합실(5,6번 출구 측), B1-BM",B1-BM,상행
7,논현,10,1802-771,"대합실(7,8번 출구 측), B1-BM",B1-BM,상행
7,논현,11,1802-772,"대합실(7,8번 출구 측), BM-B1",BM-B1,하행
7,논현,12,1802-773,"2번 출구 측, 1F-BM",1F-BM,하행
7,논현,13,1802-774,"2번 출구 측, BM-1F",BM-1F,상행
7,논현,14,1802-843,"9번 출구 측, BM-1F",BM-1F,상행
7,논현,15,1802-844,"9번 출구 측, 1F-BM",1F-BM,하행
7,논현,16,1802-845,"5번 출구 측, 1F-BM",1F-BM,하행
7,논현,17,1802-846,"5번 출구 측, BM-1F",BM-1F,상행
7,논현,18,1802-847,"8번 출구 측, BM-1F",BM-1F,상행
7,논현,19,1802-848,"8번 출구 측, 1F-BM",1F-BM,하행
7,반포,1,1805-623,"1번 출구 측, B1-1F",B1-1F,상행
7,반포,2,1805-624,"1번 출구 측, 1F-B1",1F-B1,하행
7,반포,3,1802-849,"6번 출구 측, B1-1F",B1-1F,상행
7,반포,4,1802-850,"6번 출구 측, 1F-B1",1F-B1,하행
7,반포,5,1807-979,"대합실(1~6번출구 방면), B2-B1",B2-B1,상행
7,반포,6,1807-982,"대합실(1~6번출구 방면), B1-B2",B1-B2,하행
7,고속터미널,1,1802-721,"반포 방면2-4, B3-B2",B3-B2,상행
7,고속터미널,2,1802-722,"반포 방면2-4, B2-B3",B2-B3,하행
7,고속터미널,3,1802-723,"내방 방면7-1, B3-B2",B3-B2,상행
7,고속터미널,4,1802-724,"내방 방면7-1, B2-B3",B2-B3,하행
7,고속터미널,5,1802-751,"반포 방면4-4, B3-B2",B3-B2,상행
7,고속터미널,6,1802-752,"내방 방면5-1, B3-B2",B3-B2,상행
7,고속터미널,7,1802-753,"반포 방면7-1, B3-B2",B3-B2,상행
7,고속터미널,8,1802-754,"내방 방면2-4, B3-B2",B3-B2,상행
7,고속터미널,9,1802-755,"환승통로(3,9호선), B2-B1",B2-B1,상행
7,고속터미널,10,1802-756,"환승통로(3,9호선), B2-B1",B2-B1,상행
7,고속터미널,11,1802-757,"환승통로(3,9호선), B1-B2",B1-B2,하행
7,고속터미널,12,1802-758,"대합실(3번출구), B2-B1",B2-B1,상행
7,고속터미널,13,1802-759,"대합실(3번출구), B1-B2",B1-B2,하행
7,고속터미널,14,1802-760,"대합실(4~6번출구 방면), B1-B2",B1-B2,하행
7,고속터미널,15,1802-761,"대합실(4~6번출구 방면), B2-B1",B2-B1,상행
7,고속터미널,16,1802-762,"3번 출구방면 통로, BM-B1",BM-B1,하행
7,고속터미널,17,1802-763,"3번 출구방면 통로, B1-BM",B1-BM,상행
7,고속터미널,18,1802-764,"3번 출구 측, BM2-BM",BM2-BM,상행
7,고속터미널,19,1802-725,"3번 출구 측, BM-BM2",BM-BM2,하행
7,고속터미널,20,1802-726,"4,5,6번 출구방면 통로 , BM-B1",BM-B1,하행
7,고속터미널,21,1802-727,"4,5,6번 출구방면 통로 , B1-BM",B1-BM,상행
7,내방,1,1802-728,"2번 출구 측, B1-1F",B1-1F,상행
7,내방,2,1802-729,"2번 출구 측, 1F-B1",1F-B1,하행
7,내방,3,1802-730,"4번 출구 측, B1-1F",B1-1F,상행
7,내방,4,1802-731,"4번 출구 측, 1F-B1",1F-B1,하행
7,내방,5,1802-732,"6번 출구 측, B1-1F",B1-1F,상행
7,내방,6,1802-733,"6번 출구 측, 1F-B1",1F-B1,하행
7,내방,7,1802-734,"7번 출구 측, B1-1F",B1-1F,상행
7,내방,8,1802-735,"7번 출구 측, 1F-B1",1F-B1,하행
7,내방,9,1807-980,"대합실(1~8번출구 방면), B2-B1",B2-B1,상행
7,내방,10,1807-981,"대합실(1~8번출구 방면), B1-B2",B1-B2,하행
7,이수,1,1804-174,"내방 방면3-4, B4-B3",B4-B3,상행
7,이수,2,1804-175,"남성 방면6-1, B4-B3",B4-B3,상행
7,이수,3,1804-176,"대합실(환승구간 방면), B3-B4",B3-B4,하행
7,이수,4,1804-177,"대합실(환승구간 방면), B4-B3",B4-B3,상행
7,이수,5,1804-178,"환승통로(당고개 방면), B4-B2",B4-B2,상행
7,이수,6,1804-179,"환승통로(당고개 방면), B2-B4",B2-B4,하행
7,이수,7,1804-180,"환승통로(사당 방면), B4-B2",B4-B2,상행
7,이수,8,1804-181,"환승통로(사당 방면), B2-B4",B2-B4,하행
7,이수,9,1804-182,"대합실(3~8,11,12번출구 방면), B3-B1, B1-B3","B3-B1, B1-B3",상/하겸용
7,이수,10,1804-183,"대합실(9,10번출구 방면), B1-B3",B1-B3,하행
7,이수,11,1804-184,"대합실(3~8,11,12번출구 방면), B3-B1",B3-B1,상행
7,이수,12,1804-185,"대합실(3~8,11,12번출구 방면), B1-B3",B1-B3,하행
7,이수,13,1804-186,"대합실(9,10번출구 방면), B3-B1",B3-B1,상행
7,이수,14,1804-187,"6번 출구 측, 1F-B1",1F-B1,하행
7,이수,15,1804-188,"6번 출구 측, B1-1F",B1-1F,상행
7,이수,16,1804-189,"7번 출구 측, 1F-B1",1F-B1,하행
7,이수,17,1804-190,"7번 출구 측, B1-1F",B1-1F,상행
7,이수,18,1804-191,"3번 출구 측, 1F-B1",1F-B1,하행
7,이수,19,1804-192,"3번 출구 측, B1-1F",B1-1F,상행
7,이수,20,1804-193,"12번 출구 측, 1F-B1",1F-B1,하행
7,이수,21,1804-194,"12번 출구 측, B1-1F",B1-1F,상행
7,이수,22,1804-195,"10번 출구 측, 1F-B1",1F-B1,하행
7,이수,23,1804-196,"10번 출구 측, B1-1F",B1-1F,상행
7,남성,1,1804-203,"대합실(1~4번출구 방면), B2-B1",B2-B1,상행
7,남성,2,1816-267,"1번 출구 측, B1-1F",B1-1F,상행
7,남성,3,1816-268,"1번 출구 측, 1F-B1",1F-B1,하행
7,남성,4,1804-206,"4번 출구 측, B1-1F",B1-1F,상행
7,남성,5,1804-207,"4번 출구 측, 1F-B1",1F-B1,하행
7,남성,6,1809-951,"대합실(1~4번출구 방면), B1-B2",B1-B2,하행
7,남성,7,1807-975,"3번 출구방면 통로, B1-BM",B1-BM,상행
7,남성,8,1807-976,"3번 출구방면 통로, BM-B1",BM-B1,하행
7,남성,9,1807-977,"3번 출구 측, BM-1F",BM-1F,상행
7,남성,10,1807-978,"3번 출구 측, 1F-BM",1F-BM,하행
7,남성,11,1816-269,"2번 출구방면 통로, B1-BM",B1-BM,상행
7,남성,12,1816-270,"2번 출구방면 통로, BM-B1",BM-B1,하행
7,남성,13,1816-271,"2번 출구 측, BM-1F",BM-1F,상행
7,남성,14,1816-272,"2번 출구 측, 1F-BM",1F-BM,하행
7,숭실대입구,1,1804-278,"대합실, B5-B2",B5-B2,상행
7,숭실대입구,2,1804-279,"대합실, B5-B2",B5-B2,상행
7,숭실대입구,3,1804-280,"대합실, B2-B5",B2-B5,하행
7,숭실대입구,4,1807-201,"대합실(1~4번출구 방면), B2-B1",B2-B1,상행
7,숭실대입구,5,1807-202,"대합실(1~4번출구 방면), B2-B1",B2-B1,상행
7,숭실대입구,6,1807-203,"대합실(1~4번출구 방면), B1-B2",B1-B2,하행
7,숭실대입구,7,1807-204,"1번 출구 측, B1-1F",B1-1F,상행
7,숭실대입구,8,1807-205,"1번 출구 측, 1F-B1",1F-B1,하행
7,숭실대입구,9,1807-206,"4번 출구 측, B1-1F",B1-1F,상행
7,숭실대입구,10,1807-207,"4번 출구 측, 1F-B1",1F-B1,하행
7,숭실대입구,11,1808-000,"3번 출구 측, B1-1F",B1-1F,상행
7,숭실대입구,12,1807-999,"3번 출구 측, 1F-B1",1F-B1,하행
7,상도,1,1803-925,"대합실(1~5번출구 방면), B2-B1",B2-B1,상행
7,상도,2,1803-926,"1,2번 출구방면 통로, BM-B1",BM-B1,하행
7,상도,3,1803-927,"1,2번 출구방면 통로, B1-BM",B1-BM,상행
7,상도,4,1803-928,"3~5번 출구방면 통로, B1-BM",B1-BM,상행
7,상도,5,1803-929,"3~5번 출구방면 통로, BM-B1",BM-B1,하행
7,상도,6,1803-930,"2번 출구 측, 1F-BM",1F-BM,하행
7,상도,7,1803-931,"2번 출구 측, BM-1F",BM-1F,상행
7,상도,8,1803-932,"5번 출구 측, BM-1F",BM-1F,상행
7,상도,9,1803-933,"5번 출구 측, 1F-BM",1F-BM,하행
7,상도,10,1803-934,"4번 출구 측, BM-1F",BM-1F,상행
7,상도,11,1803-935,"4번 출구 측, 1F-BM",1F-BM,하행
7,장승배기,1,1803-936,"대합실(5,6번출구 방면), B2-B1",B2-B1,상행
7,장승배기,2,1803-937,"대합실(3,4번출구 방면), B2-B1",B2-B1,상행
7,장승배기,3,1803-938,"5번 출구방면 통로, B1-BM",B1-BM,상행
7,장승배기,4,1803-939,"5번 출구방면 통로, BM-B1",BM-B1,하행
7,장승배기,5,1803-940,"1번 출구 측, B1-1F",B1-1F,상행
7,장승배기,6,1803-941,"1번 출구 측, 1F-B1",1F-B1,하행
7,장승배기,7,1803-942,"2번 출구 측, B1-BM",B1-BM,상행
7,장승배기,8,1803-943,"2번 출구 측, BM-1F",BM-1F,상행
7,장승배기,9,1803-944,"6번 출구 측, BM-1F",BM-1F,상행
7,장승배기,10,1803-945,"6번 출구 측, 1F-BM",1F-BM,하행
7,장승배기,11,1816-323,"상도 방면3-3, B3-B2",B3-B2,상행
7,장승배기,12,1816-324,"상도 방면3-3, B2-B3",B2-B3,하행
7,장승배기,13,1816-325,"신대방삼거리 방면4-4, B3-B2",B3-B2,상행
7,장승배기,14,1816-326,"신대방삼거리 방면4-4, B2-B3",B2-B3,하행
7,신대방삼거리,1,1803-975,"대합실(1,2,5,6번출구 방면), B2-B1",B2-B1,상행
7,신대방삼거리,2,1803-982,"대합실(3,4번출구 방면), B2-B1",B2-B1,상행
7,신대방삼거리,3,1803-976,"1번 출구 측, B1-BM",B1-BM,상행
7,신대방삼거리,4,1803-977,"1번 출구 측, BM-B1",BM-B1,하행
7,신대방삼거리,5,1803-978,"1번 출구 측, BM-1F",BM-1F,상행
7,신대방삼거리,6,1803-979,"1번 출구 측, 1F-BM",1F-BM,하행
7,신대방삼거리,7,1803-980,"3번 출구 측, 1F-BM",1F-BM,하행
7,신대방삼거리,8,1803-981,"3번 출구 측, BM-1F",BM-1F,상행
7,신대방삼거리,9,1807-605,"장승배기 방면3-4, B2-B3",B2-B3,하행
7,신대방삼거리,10,1807-606,"장승배기 방면3-4, B3-B2",B3-B2,상행
7,신대방삼거리,11,1807-607,"보라매 방면3-4, B3-B2",B3-B2,상행
7,신대방삼거리,12,1807-608,"보라매 방면3-4, B2-B3",B2-B3,하행
7,보라매,1,1803-492,"1,2번출구 방면 통로, B1-BM,BM-B1","B1-BM,BM-B1",상/하겸용
7,보라매,2,1803-493,"8번 출구 측, B1-1F",B1-1F,상행
7,보라매,3,1803-494,"8번 출구 측, 1F-B1",1F-B1,하행
7,보라매,4,1803-495,"6번 출구 측, B1-BM,BM-B1","B1-BM,BM-B1",상/하겸용
7,신풍,1,1803-588,"1번 출구 측, B1-1F",B1-1F,상행
7,신풍,2,1803-589,"1번 출구 측, 1F-B1",1F-B1,하행
7,신풍,3,1803-590,"3번 출구 측, 1F-B1",1F-B1,하행
7,신풍,4,1803-591,"3번 출구 측, B1-1F",B1-1F,상행
7,대림,1,1803-601,"신풍 방면8-4, B1-B2",B1-B2,하행
7,대림,2,1803-602,"신풍 방면8-4, B2-B1",B2-B1,상행
7,대림,3,1803-603,"남구로 방면1-1, B1-B2",B1-B2,하행
7,대림,4,1803-604,"남구로 방면1-1, B2-B1",B2-B1,상행
7,대림,5,1803-605,"10번 출구 측, B1-1F",B1-1F,상행
7,대림,6,1803-606,"10번 출구 측, 1F-B1",1F-B1,하행
7,대림,7,1803-607,"환승통로(2호선), BM-B1",BM-B1,하행
7,대림,8,1803-608,"환승통로(2호선), 1F-BM",1F-BM,하행
7,대림,9,1803-609,"환승통로(2호선), 1F-BM",1F-BM,하행
7,대림,10,1803-610,"환승통로(2호선), B1-1F",B1-1F,상행
7,대림,11,1803-611,"환승통로(2호선), B1-1F",B1-1F,상행
7,대림,12,1814-635,"11번 출구 측, B1-1F",B1-1F,상행
7,대림,13,1814-636,"11번 출구 측, 1F-B1",1F-B1,하행
7,남구로,1,1803-576,"대합실(1,6번출구 방면), B2-B4",B2-B4,하행
7,남구로,2,1803-577,"대합실(1,6번출구 방면), B4-B2",B4-B2,상행
7,남구로,3,1803-578,"대합실(2~5번출구 방면), B4-B2",B4-B2,상행
7,남구로,4,1803-579,"대합실(2~5번출구 방면), B2-B4",B2-B4,하행
7,남구로,5,1803-580,"1,6번출구 방면 통로, B2-BM2",B2-BM2,상행
7,남구로,6,1803-581,"1,6번출구 방면 통로, BM2-B2",BM2-B2,하행
7,남구로,7,1803-582,"2~5번 출구 방면 통로, BM-B2",BM-B2,하행
7,남구로,8,1803-583,"2~5번 출구 방면 통로, B2-BM",B2-BM,상행
7,남구로,9,1803-584,"2번 출구 측, 1F-BM",1F-BM,하행
7,남구로,10,1803-585,"2번 출구 측, BM-1F",BM-1F,상행
7,남구로,11,1803-586,"5번 출구 측, BM-1F",BM-1F,상행
7,남구로,12,1803-587,"5번 출구 측, 1F-BM",1F-BM,하행
7,가산디지털단지,1,1803-480,"대합실(2~4번출구 및 1호선 환승구간 방면), B3-B1",B3-B1,상행
7,가산디지털단지,2,1803-481,"대합실(2~4번출구 및 1호선 환승구간 방면), B3-B1",B3-B1,상행
7,가산디지털단지,3,1803-482,"대합실(2~4번출구 및 1호선 환승구간 방면), B1-B3",B1-B3,하행
7,가산디지털단지,4,1803-483,"대합실(5,6번출구 방면), B1-B3",B1-B3,하행
7,가산디지털단지,5,1803-484,"대합실(5,6번출구 방면), B3-B1",B3-B1,상행
7,가산디지털단지,6,1803-485,"대합실(5,6번출구 방면), B3-B1",B3-B1,상행
7,가산디지털단지,7,1803-486,"5번 출구 측, 1F-B1",1F-B1,하행
7,가산디지털단지,8,1803-487,"5번 출구 측, B1-1F",B1-1F,상행
7,가산디지털단지,9,1803-488,"환승통로(7호선 대합실-1호선 승강장), B1-1F",B1-1F,상행
7,가산디지털단지,10,1803-489,"환승통로(7호선 대합실-1호선 승강장), 1F-B1",1F-B1,하행
7,가산디지털단지,11,1803-490,"환승통로(7호선 대합실-1호선 승강장), B1-1F",B1-1F,상행
7,가산디지털단지,12,1803-491,"환승통로(7호선 대합실-1호선 승강장), 1F-B1",1F-B1,하행
7,철산,1,3801-711,"2번 출구 측, 1F-B1",1F-B1,하행
7,철산,2,3801-712,"2번 출구 측, B1-1F",B1-1F,상행
7,철산,3,3808-480,"1번 출구 측, B1-1F",B1-1F,상행
7,철산,4,3808-479,"1번 출구 측, 1F-B1",1F-B1,하행
7,철산,5,3813-188,"4번 출구 측, B1-1F",B1-1F,상행
7,철산,6,3813-187,"4번 출구 측, 1F-B1",1F-B1,하행
7,광명사거리,1,3818-918,"9번 출구 측, B1-1F",B1-1F,상행
7,광명사거리,2,3818-919,"9번 출구 측, B1-1F",B1-1F,상행
7,천왕,1,1803-478,"3번 출구 측, B1-1F",B1-1F,상행
7,천왕,2,1803-479,"3번 출구 측, 1F-B1",1F-B1,하행
7,천왕,3,1810-908,"1번 출구 측, B1-1F",B1-1F,상행
7,천왕,4,1810-909,"1번 출구 측, 1F-B1",1F-B1,하행
7,천왕,5,1812-615,"2번 출구 측, B1-1F",B1-1F,상행
7,천왕,6,1812-616,"2번 출구 측, 1F-B1",1F-B1,하행
7,온수,1,1803-454,"천왕 방면1-1, B2-B1",B2-B1,상행
7,온수,2,1803-455,"천왕 방면8-4, B2-B1",B2-B1,상행
7,온수,3,1803-456,"까치울 방면8-4, B2-B1",B2-B1,상행
7,온수,4,1803-457,"까치울 방면1-1, B2-B1",B2-B1,상행
7,온수,5,1803-458,"5번 출구 측, BM-B1",BM-B1,하행
7,온수,6,1803-459,"5번 출구 측, B1-BM",B1-BM,상행
7,온수,7,1803-460,"환승통로(1호선 승강장), B1-1F",B1-1F,상행
7,온수,8,1803-461,"환승통로(1호선 승강장), B1-1F",B1-1F,상행
7,온수,9,1803-462,"2번 출구 측, B1-1F",B1-1F,상행
7,온수,10,1803-463,"2번 출구 측, 1F-B1",1F-B1,하행
7,온수,11,1803-464,"5번 출구 측, 1F-BM",1F-BM,하행
7,온수,12,1803-465,"5번 출구 측, BM-1F",BM-1F,상행
7,온수,13,1803-466,"환승통로(7호선 대합실-1호선 승강장), 1F-B1",1F-B1,하행
7,온수,14,1803-467,"환승통로(7호선 대합실-1호선 승강장), B1-1F",B1-1F,상행
7,온수,15,1803-468,"환승통로(7호선 대합실-1호선 승강장), 1F-B1",1F-B1,하행
7,온수,16,1803-469,"환승통로(7호선 대합실-1호선 승강장), B1-1F",B1-1F,상행
8,암사,1,1805-216,"1번 출구 측, B1-1F",B1-1F,상행
8,암사,2,1805-217,"1번 출구 측, 1F-B1",1F-B1,하행
8,암사,3,1801-964,"4번 출구 측, B1-1F",B1-1F,상행
8,암사,4,1801-965,"4번 출구 측, 1F-B1",1F-B1,하행
8,강동구청,1,1808-897,"대합실(B2-B1), B2-B1",B2-B1,상행
8,강동구청,2,1808-898,"대합실(B2-B1), B1-B2",B1-B2,하행
8,강동구청,3,1808-899,"1번 출구 측, B1-BM",B1-BM,상행
8,강동구청,4,1808-900,"2번 출구 측, B1-BM",B1-BM,상행
8,강동구청,5,1805-220,"4번 출구 측, B1-BM",B1-BM,상행
8,몽촌토성,1,1806-991,"대합실(B2, E/L 앞), B2-B1",B2-B1,상행
8,몽촌토성,2,1806-992,"대합실(B2, E/L 앞), B1-B2",B1-B2,하행
8,몽촌토성,3,1806-993,"1번 출구 측, B1-BM",B1-BM,상행
8,몽촌토성,4,1806-994,"1번 출구 측, BM-B1",BM-B1,하행
8,몽촌토성,5,1806-995,"2,3번 출구 사이, BM-B1",BM-B1,하행
8,몽촌토성,6,1806-996,"2,3번 출구 사이, B1-BM",B1-BM,상행
8,몽촌토성,7,1806-997,"5번 출구 측, BM-1F",BM-1F,상행
8,몽촌토성,8,1806-998,"5번 출구 측, 1F-BM",1F-BM,하행
8,잠실,1,1805-625,"9번 출구 측, B1-BM",B1-BM,상행
8,잠실,2,1807-889,"대합실(9.10번출구 사이), B2-B1",B2-B1,상행
8,잠실,3,1807-890,"대합실(9.10번출구 사이), B1-B2",B1-B2,하행
8,잠실,4,1809-593,"고객 안전실, B2-B1",B2-B1,상행
8,잠실,5,1809-594,"고객 안전실, B1-B2",B1-B2,하행
8,송파,1,1811-794,"3번 출구 측, B1-1F",B1-1F,상행
8,송파,2,1811-795,"3번 출구 측, 1F-B1",1F-B1,하행
8,송파,3,1811-796,"4번 출구 측, B1-1F",B1-1F,상행
8,송파,4,1811-797,"4번 출구 측, 1F-B1",1F-B1,하행
8,가락시장,1,1805-681,"환승통로(암사방면 승강장), B3-B2",B3-B2,상행
8,가락시장,2,1805-682,"환승통로(암사방면 승강장), B2-B3",B2-B3,하행
8,가락시장,3,1805-683,"환승통로(모란방면 승강장), B3-B2",B3-B2,상행
8,가락시장,4,1805-684,"환승통로(모란방면 승강장), B2-B3",B2-B3,하행
8,가락시장,5,1802-926,"1번 출구 측, B1-1F",B1-1F,상행
8,가락시장,6,1802-927,"1번 출구 측, 1F-B1",1F-B1,하행
8,가락시장,7,1805-685,"2번 출구 측, B1-1F",B1-1F,상행
8,가락시장,8,1805-686,"2번 출구 측, 1F-B1",1F-B1,하행
8,가락시장,9,1805-687,"5번 출구 측, B1-1F",B1-1F,상행
8,가락시장,10,1805-688,"5번 출구 측, 1F-B1",1F-B1,하행
8,가락시장,11,1805-689,"6번 출구 측, B1-1F",B1-1F,상행
8,가락시장,12,1805-690,"6번 출구 측, 1F-B1",1F-B1,하행
8,문정,1,1811-192,"2번 출구 측, B1-1F",B1-1F,상행
8,문정,2,1811-191,"2번 출구 측, 1F-B1",1F-B1,하행
8,문정,3,1811-841,"3번 출구 측, B2-1F",B2-1F,상행
8,문정,4,1811-842,"3번 출구 측, 1F-B2",1F-B2,하행
8,문정,5,1811-843,"4번 출구 측, B1-BM",B1-BM,상행
8,문정,6,1811-844,"4번 출구 측, BM-B1",BM-B1,하행
8,문정,7,1811-845,"4번 출구 측, BM-1F",BM-1F,상행
8,문정,8,1811-846,"4번 출구 측, 1F-BM",1F-BM,하행
8,장지,1,1805-661,"대합실, BM-B1",BM-B1,하행
8,장지,2,1805-662,"대합실, BM-B1",BM-B1,하행
8,장지,3,1805-663,"대합실, B1-BM",B1-BM,상행
8,장지,4,1805-664,"대합실, B1-BM",B1-BM,상행
8,장지,5,1805-665,"3번 출구 측, 1F-BM",1F-BM,하행
8,장지,6,1805-666,"3번 출구 측, BM-1F",BM-1F,상행
8,복정,1,1802-951,"장지 방면4-2, 남위례 방면3-2, B2-B1",B2-B1,상행
8,복정,2,1802-952,"2번 출구 측, 1F-BM",1F-BM,하행
8,복정,3,1802-953,"2번 출구 측, BM-1F",BM-1F,상행
8,남위례,1,3813-889,"1번 출구 측, 1F-2F",1F-2F,상행
8,남위례,2,3813-890,"1번 출구 측, 2F-1F",2F-1F,하행
8,남위례,3,3813-891,"대합실, 2F-3F",2F-3F,상행
8,남위례,4,3813-892,"대합실, 3F-2F",3F-2F,하행
8,남위례,5,3813-886,"산성 방면5-1, 3F-2F",3F-2F,하행
8,남위례,6,3813-887,"산성 방면5-1, 2F-3F",2F-3F,상행
8,남위례,7,3813-888,"5번 출구 측, 1F-2F",1F-2F,상행
8,산성,1,3805-435,"남위례 방면1-3, B2-B3",B2-B3,하행
8,산성,2,3805-436,"남위례 방면1-3, B3-B2",B3-B2,상행
8,산성,3,3805-437,"남한산성입구 방면6-2, B2-B3",B2-B3,하행
8,산성,4,3805-438,"남한산성입구 방면6-2, B3-B2",B3-B2,상행
8,산성,5,3802-097,"남위례 방면6-2, B3-B2",B3-B2,상행
8,산성,6,3802-098,"남위례 방면6-2, B2-B3",B2-B3,하행
8,산성,7,3802-099,"남한산성입구 방면1-3, B3-B2",B3-B2,상행
8,산성,8,3802-100,"남한산성입구 방면1-3, B2-B3",B2-B3,하행
8,산성,9,3805-449,"대합실, B1-B2",B1-B2,하행
8,산성,10,3805-439,"대합실, B2-B1",B2-B1,상행
8,산성,11,3805-440,"대합실, B2-B1",B2-B1,상행
8,산성,12,3805-502,"2번 출구 측, 1F-BM",1F-BM,하행
8,산성,13,3805-501,"2번 출구 측, BM-1F",BM-1F,상행
8,남한산성입구,1,3802-079,"1번 출구 측, B1-1F",B1-1F,상행
8,남한산성입구,2,3802-080,"1번 출구 측, 1F-B1",1F-B1,하행
8,남한산성입구,3,3805-603,"대합실, B2-B1",B2-B1,상행
8,남한산성입구,4,3805-604,"대합실, B1-B2",B1-B2,하행
8,단대오거리,1,3802-053,"1번 출구 측, B1-1F",B1-1F,상행
8,단대오거리,2,3802-054,"1번 출구 측, 1F-B1",1F-B1,하행
8,단대오거리,3,3805-601,"대합실, B1-B2",B1-B2,하행
8,단대오거리,4,3805-602,"대합실, B2-B1",B2-B1,상행
8,단대오거리,5,3811-916,"3번 출구 측, B1-1F",B1-1F,상행
8,단대오거리,6,3811-917,"3번 출구 측, 1F-B1",1F-B1,하행
8,모란,1,3802-183,"대합실, B1-B2",B1-B2,하행
8,모란,2,3802-184,"대합실, B2-B1",B2-B1,상행
