호선,역명,승강장번호,상하행,지상구분,역층,승강장연결여부,스크린도어유무,안전발판유무
1,동대문,1,상행,지하,2,TRUE,TRUE,TRUE
1,동대문,2,하행,지하,2,TRUE,TRUE,TRUE
1,동묘앞,1,상행,지하,2,TRUE,TRUE,TRUE
1,동묘앞,2,하행,지하,2,TRUE,TRUE,TRUE
1,서울역,1,상행,지하,2,TRUE,TRUE,TRUE
1,서울역,2,하행,지하,2,TRUE,TRUE,TRUE
1,시청,1,상행,지하,2,TRUE,TRUE,TRUE
1,시청,2,하행,지하,2,TRUE,TRUE,TRUE
1,신설동,2,하행,지하,2,TRUE,TRUE,TRUE
1,신설동,1,상행,지하,2,TRUE,TRUE,TRUE
1,제기동,2,하행,지하,2,TRUE,TRUE,TRUE
1,제기동,1,상행,지하,2,TRUE,TRUE,TRUE
1,종각,2,하행,지하,2,FALSE,TRUE,TRUE
1,종각,1,상행,지하,2,FALSE,TRUE,TRUE
1,종로3가,2,하행,지하,2,TRUE,TRUE,TRUE
1,종로3가,1,상행,지하,2,TRUE,TRUE,TRUE
1,종로5가,1,상행,지하,2,TRUE,TRUE,TRUE
1,종로5가,2,하행,지하,2,TRUE,TRUE,TRUE
1,청량리,2,하행,지하,2,TRUE,TRUE,TRUE
1,청량리,1,상행,지하,2,TRUE,TRUE,TRUE
2,강남,2,하행,지하,2,TRUE,TRUE,TRUE
2,강남,1,상행,지하,2,TRUE,TRUE,TRUE
2,강변,1,상행,지상,2,TRUE,TRUE,TRUE
2,강변,2,하행,지상,2,TRUE,TRUE,TRUE
2,건대입구,1,상행,지상,2,TRUE,TRUE,TRUE
2,건대입구,2,하행,지상,2,TRUE,TRUE,TRUE
2,교대,1,상행,지하,2,FALSE,TRUE,TRUE
2,교대,2,하행,지하,2,FALSE,TRUE,TRUE
2,구로디지털단지,1,상행,지상,2,TRUE,TRUE,TRUE
2,구로디지털단지,2,하행,지상,2,TRUE,TRUE,TRUE
2,구의,2,하행,지상,2,FALSE,TRUE,TRUE
2,구의,1,상행,지상,2,FALSE,TRUE,TRUE
2,까치산,1,상행,지하,5,TRUE,TRUE,FALSE
2,낙성대,1,상행,지하,2,FALSE,TRUE,TRUE
2,낙성대,2,하행,지하,2,FALSE,TRUE,TRUE
2,당산,1,상행,지하,2,TRUE,TRUE,TRUE
2,당산,2,하행,지하,2,TRUE,TRUE,TRUE
2,대림,2,하행,지상,2,TRUE,TRUE,TRUE
2,대림,1,상행,지상,2,TRUE,TRUE,TRUE
2,도림천,2,하행,지하,3,TRUE,TRUE,FALSE
2,도림천,1,상행,지하,3,TRUE,TRUE,FALSE
2,동대문역사문화공원,2,하행,지하,2,TRUE,TRUE,TRUE
2,동대문역사문화공원,1,상행,지하,2,TRUE,TRUE,TRUE
2,뚝섬,1,상행,지상,2,FALSE,TRUE,TRUE
2,뚝섬,2,하행,지상,2,FALSE,TRUE,TRUE
2,문래,1,상행,지하,2,FALSE,TRUE,TRUE
2,문래,2,하행,지하,2,FALSE,TRUE,TRUE
2,방배,1,상행,지하,2,FALSE,TRUE,TRUE
2,방배,2,하행,지하,2,FALSE,TRUE,TRUE
2,봉천,2,하행,지하,2,TRUE,TRUE,TRUE
2,봉천,1,상행,지하,2,TRUE,TRUE,TRUE
2,사당,2,하행,지하,2,FALSE,TRUE,TRUE
2,사당,1,상행,지하,2,FALSE,TRUE,TRUE
2,삼성,1,상행,지하,2,TRUE,TRUE,TRUE
2,삼성,2,하행,지하,2,TRUE,TRUE,TRUE
2,상왕십리,1,상행,지하,2,FALSE,TRUE,TRUE
2,상왕십리,2,하행,지하,2,FALSE,TRUE,TRUE
2,서울대입구(관악구청),1,상행,지하,2,TRUE,TRUE,TRUE
2,서울대입구,2,하행,지하,2,TRUE,TRUE,TRUE
2,서초,1,상행,지하,2,TRUE,TRUE,TRUE
2,서초,2,하행,지하,2,TRUE,TRUE,TRUE
2,선릉,2,하행,지하,2,FALSE,TRUE,TRUE
2,선릉,1,상행,지하,2,FALSE,TRUE,TRUE
2,성수,2,하행,지상,2,TRUE,TRUE,TRUE
2,성수,1,상행,지상,2,TRUE,TRUE,TRUE
2,시청,2,하행,지하,3,TRUE,TRUE,TRUE
2,시청,1,상행,지하,3,TRUE,TRUE,TRUE
2,신답,1,상행,지상,1,TRUE,TRUE,FALSE
2,신답,2,하행,지상,1,TRUE,TRUE,FALSE
2,신당,2,하행,지하,2,FALSE,TRUE,TRUE
2,신당,1,상행,지하,2,FALSE,TRUE,TRUE
2,신대방,2,하행,지상,2,TRUE,TRUE,TRUE
2,신대방,1,상행,지상,2,TRUE,TRUE,TRUE
2,신도림,2,하행,지하,2,TRUE,TRUE,TRUE
2,신도림,1,상행,지하,2,TRUE,TRUE,TRUE
2,신림,2,하행,지하,2,TRUE,TRUE,TRUE
2,신림,1,상행,지하,2,TRUE,TRUE,TRUE
2,신촌,1,상행,지하,2,FALSE,TRUE,TRUE
2,신촌,2,하행,지하,2,FALSE,TRUE,TRUE
2,신설동,1,상행,지하,2,TRUE,TRUE,FALSE
2,신설동,2,하행,지하,2,TRUE,TRUE,FALSE
2,신정네거리,1,상행,지하,3,FALSE,TRUE,FALSE
2,신정네거리,2,하행,지하,3,FALSE,TRUE,FALSE
2,아현,2,하행,지하,2,TRUE,TRUE,TRUE
2,아현,1,상행,지하,2,TRUE,TRUE,TRUE
2,양천구청,1,상행,지하,2,TRUE,TRUE,FALSE
2,양천구청,2,하행,지하,2,TRUE,TRUE,FALSE
2,역삼,1,상행,지하,3,FALSE,TRUE,TRUE
2,역삼,2,하행,지하,3,FALSE,TRUE,TRUE
2,영등포구청,1,상행,지하,2,TRUE,TRUE,TRUE
2,영등포구청,2,하행,지하,2,TRUE,TRUE,TRUE
2,왕십리,1,상행,지하,2,TRUE,TRUE,TRUE
2,왕십리,2,하행,지하,2,TRUE,TRUE,TRUE
2,용답,2,하행,지상,2,TRUE,TRUE,FALSE
2,용답,1,상행,지상,2,TRUE,TRUE,FALSE
2,용두,2,하행,지하,1,TRUE,TRUE,FALSE
2,용두,1,상행,지하,1,TRUE,TRUE,FALSE
2,을지로3가,1,상행,지하,2,FALSE,TRUE,TRUE
2,을지로3가,2,하행,지하,2,FALSE,TRUE,TRUE
2,을지로4가,2,하행,지하,2,FALSE,TRUE,TRUE
2,을지로4가,1,상행,지하,2,FALSE,TRUE,TRUE
2,을지로입구,2,하행,지하,2,FALSE,TRUE,TRUE
2,을지로입구,1,상행,지하,2,FALSE,TRUE,TRUE
2,이대,2,하행,지하,2,TRUE,TRUE,TRUE
2,이대,1,상행,지하,2,TRUE,TRUE,TRUE
2,잠실,1,상행,지하,2,FALSE,TRUE,TRUE
2,잠실,2,하행,지하,2,FALSE,TRUE,TRUE
2,잠실나루,1,상행,지상,2,TRUE,TRUE,TRUE
2,잠실나루,2,하행,지상,2,TRUE,TRUE,TRUE
2,잠실새내,2,하행,지하,2,FALSE,TRUE,TRUE
2,잠실새내,1,상행,지하,2,FALSE,TRUE,TRUE
2,종합운동장,1,상행,지하,2,TRUE,TRUE,TRUE
2,종합운동장,2,하행,지하,2,TRUE,TRUE,TRUE
2,충정로,2,하행,지하,3,TRUE,TRUE,TRUE
2,충정로,1,상행,지하,3,TRUE,TRUE,TRUE
2,한양대,2,하행,지상,2,FALSE,TRUE,TRUE
2,한양대,1,상행,지상,2,FALSE,TRUE,TRUE
2,합정,1,상행,지하,2,TRUE,TRUE,TRUE
2,합정,2,하행,지하,2,TRUE,TRUE,TRUE
2,홍대입구,2,하행,지하,2,TRUE,TRUE,TRUE
2,홍대입구,1,상행,지하,2,TRUE,TRUE,TRUE
3,가락시장,1,상행,지하,4,TRUE,TRUE,TRUE
3,가락시장,2,하행,지하,4,TRUE,TRUE,TRUE
3,경복궁,1,상행,지하,3,TRUE,TRUE,TRUE
3,경복궁,2,하행,지하,3,TRUE,TRUE,TRUE
3,경찰병원,1,상행,지하,3,TRUE,TRUE,TRUE
3,경찰병원,2,하행,지하,3,TRUE,TRUE,TRUE
3,고속터미널,2,하행,지하,3,TRUE,TRUE,TRUE
3,고속터미널,1,상행,지하,3,TRUE,TRUE,TRUE
3,교대,1,상행,지하,3,TRUE,TRUE,TRUE
3,교대,2,하행,지하,3,TRUE,TRUE,TRUE
3,구파발,2,하행,지하,2,TRUE,TRUE,TRUE
3,구파발,1,상행,지하,2,TRUE,TRUE,TRUE
3,금호,2,하행,지하,2,TRUE,TRUE,TRUE
3,금호,1,상행,지하,2,TRUE,TRUE,TRUE
3,남부터미널,2,하행,지하,3,TRUE,TRUE,TRUE
3,남부터미널,1,상행,지하,3,TRUE,TRUE,TRUE
3,녹번,2,하행,지하,2,TRUE,TRUE,TRUE
3,녹번,1,상행,지하,2,TRUE,TRUE,TRUE
3,대청,2,하행,지하,3,FALSE,TRUE,TRUE
3,대청,1,상행,지하,3,FALSE,TRUE,TRUE
3,대치,2,하행,지하,4,TRUE,TRUE,TRUE
3,대치,1,상행,지하,4,TRUE,TRUE,TRUE
3,도곡,2,하행,지하,4,TRUE,TRUE,TRUE
3,도곡,1,상행,지하,4,TRUE,TRUE,TRUE
3,독립문,1,상행,지하,3,TRUE,TRUE,TRUE
3,독립문,2,하행,지하,3,TRUE,TRUE,TRUE
3,동대입구,1,상행,지하,3,TRUE,TRUE,TRUE
3,동대입구,2,하행,지하,3,TRUE,TRUE,TRUE
3,매봉,2,하행,지하,2,TRUE,TRUE,TRUE
3,매봉,1,상행,지하,2,TRUE,TRUE,TRUE
3,무악재,2,하행,지하,3,TRUE,TRUE,TRUE
3,무악재,1,상행,지하,3,TRUE,TRUE,TRUE
3,불광,1,상행,지하,2,FALSE,TRUE,TRUE
3,불광,2,하행,지하,2,FALSE,TRUE,TRUE
3,수서,1,상행,지하,2,TRUE,TRUE,TRUE
3,수서,2,하행,지하,2,TRUE,TRUE,TRUE
3,신사,1,상행,지하,2,FALSE,TRUE,TRUE
3,신사,2,하행,지하,2,FALSE,TRUE,TRUE
3,안국,2,하행,지하,4,TRUE,TRUE,TRUE
3,안국,1,상행,지하,4,TRUE,TRUE,TRUE
3,압구정,1,상행,지하,2,FALSE,TRUE,TRUE
3,압구정,2,하행,지하,2,FALSE,TRUE,TRUE
3,약수,2,하행,지하,3,TRUE,TRUE,TRUE
3,약수,1,상행,지하,3,TRUE,TRUE,TRUE
3,양재,2,하행,지하,2,TRUE,TRUE,TRUE
3,양재,1,상행,지하,2,TRUE,TRUE,TRUE
3,연신내,1,상행,지하,2,TRUE,TRUE,TRUE
3,연신내,2,하행,지하,2,TRUE,TRUE,TRUE
3,오금,2,하행,지하,4,FALSE,TRUE,TRUE
3,오금,1,상행,지하,4,FALSE,TRUE,TRUE
3,옥수,2,하행,지상,4,TRUE,TRUE,TRUE
3,옥수,1,상행,지상,4,TRUE,TRUE,TRUE
3,을지로3가,2,하행,지하,3,TRUE,TRUE,TRUE
3,을지로3가,1,상행,지하,3,TRUE,TRUE,TRUE
3,일원,2,하행,지하,3,FALSE,TRUE,TRUE
3,일원,1,상행,지하,3,FALSE,TRUE,TRUE
3,잠원,1,상행,지하,2,TRUE,TRUE,TRUE
3,잠원,2,하행,지하,2,TRUE,TRUE,TRUE
3,종로3가,1,상행,지하,4,TRUE,TRUE,TRUE
3,종로3가,2,하행,지하,4,TRUE,TRUE,TRUE
3,지축,1,상행,지상,2,TRUE,TRUE,TRUE
3,지축,2,하행,지상,2,TRUE,TRUE,TRUE
3,충무로,1,상행,지하,4,TRUE,TRUE,TRUE
3,충무로,2,하행,지하,4,TRUE,TRUE,TRUE
3,학여울,2,하행,지하,5,TRUE,TRUE,TRUE
3,학여울,1,상행,지하,5,TRUE,TRUE,TRUE
3,홍제,2,하행,지하,3,TRUE,TRUE,TRUE
3,홍제,1,상행,지하,3,TRUE,TRUE,TRUE
4,길음,2,하행,지하,2,TRUE,TRUE,TRUE
4,길음,1,상행,지하,2,TRUE,TRUE,TRUE
4,남태령,2,하행,지하,3,TRUE,TRUE,TRUE
4,남태령,1,상행,지하,3,TRUE,TRUE,TRUE
4,노원,1,상행,지상,2,TRUE,TRUE,TRUE
4,노원,2,하행,지상,2,TRUE,TRUE,TRUE
4,당고개,1,상행,지상,3,FALSE,TRUE,TRUE
4,당고개,2,하행,지상,3,FALSE,TRUE,TRUE
4,동대문,2,하행,지하,4,TRUE,TRUE,TRUE
4,동대문,1,상행,지하,4,TRUE,TRUE,TRUE
4,동대문역사문화공원,2,하행,지하,3,TRUE,TRUE,TRUE
4,동대문역사문화공원,1,상행,지하,3,TRUE,TRUE,TRUE
4,동작,1,상행,지상,3,TRUE,TRUE,TRUE
4,동작,2,하행,지상,3,TRUE,TRUE,TRUE
4,명동,2,하행,지하,4,TRUE,TRUE,TRUE
4,명동,1,상행,지하,4,TRUE,TRUE,TRUE
4,미아,1,상행,지하,2,FALSE,TRUE,TRUE
4,미아,2,하행,지하,2,FALSE,TRUE,TRUE
4,미아사거리,1,상행,지하,2,FALSE,TRUE,TRUE
4,미아사거리,2,하행,지하,2,FALSE,TRUE,TRUE
4,사당,1,상행,지하,3,TRUE,TRUE,TRUE
4,사당,2,하행,지하,3,TRUE,TRUE,TRUE
4,삼각지,2,하행,지하,2,TRUE,TRUE,TRUE
4,삼각지,1,상행,지하,2,TRUE,TRUE,TRUE
4,상계,1,상행,지상,3,TRUE,TRUE,TRUE
4,상계,2,하행,지상,3,TRUE,TRUE,TRUE
4,서울역,2,하행,지하,2,TRUE,TRUE,TRUE
4,서울역,1,상행,지하,2,TRUE,TRUE,TRUE
4,성신여대입구(돈암),1,상행,지하,2,TRUE,TRUE,TRUE
4,성신여대입구(돈암),2,하행,지하,2,TRUE,TRUE,TRUE
4,수유,2,하행,지하,2,FALSE,TRUE,TRUE
4,수유,1,상행,지하,2,FALSE,TRUE,TRUE
4,숙대입구,1,상행,지하,2,FALSE,TRUE,TRUE
4,숙대입구,2,하행,지하,2,FALSE,TRUE,TRUE
4,신용산,1,상행,지하,2,FALSE,TRUE,TRUE
4,신용산,2,하행,지하,2,FALSE,TRUE,TRUE
4,쌍문,1,상행,지하,2,FALSE,TRUE,TRUE
4,쌍문,2,하행,지하,2,FALSE,TRUE,TRUE
4,이촌,1,상행,지하,2,TRUE,TRUE,TRUE
4,이,2,하행,지하,2,TRUE,TRUE,TRUE
4,창동,1,상행,지상,3,TRUE,TRUE,TRUE
4,창동,2,하행,지상,3,TRUE,TRUE,TRUE
4,총신대입구,2,하행,지하,2,TRUE,TRUE,TRUE
4,총신대입구,1,상행,지하,2,TRUE,TRUE,TRUE
4,충무로,1,상행,지하,3,TRUE,TRUE,TRUE
4,충무로,2,하행,지하,3,TRUE,TRUE,TRUE
4,한성대입구(삼선교),1,상행,지하,2,TRUE,TRUE,TRUE
4,한성대입구(삼선교),2,하행,지하,2,TRUE,TRUE,TRUE
4,혜화,2,하행,지하,2,FALSE,TRUE,TRUE
4,혜화,1,상행,지하,2,FALSE,TRUE,TRUE
4,회현,2,하행,지하,4,TRUE,TRUE,TRUE
4,회현,1,상행,지하,4,TRUE,TRUE,TRUE
5,강동,1,상행,지하,4,TRUE,TRUE,FALSE
5,강동,2,하행,지하,4,TRUE,TRUE,FALSE
5,개롱,2,하행,지하,2,TRUE,TRUE,FALSE
5,개롱,1,상행,지하,2,TRUE,TRUE,FALSE
5,개화산,1,상행,지하,4,TRUE,TRUE,TRUE
5,개화산,2,하행,지하,4,TRUE,TRUE,TRUE
5,거여,1,상행,지하,3,TRUE,TRUE,TRUE
5,거여,2,하행,지하,3,TRUE,TRUE,TRUE
5,고덕,1,상행,지하,2,TRUE,TRUE,FALSE
5,고덕,2,하행,지하,2,TRUE,TRUE,FALSE
5,공덕,2,하행,지하,3,TRUE,TRUE,TRUE
5,공덕,1,상행,지하,3,TRUE,TRUE,TRUE
5,광나루,2,하행,지하,3,TRUE,TRUE,FALSE
5,광나루,1,상행,지하,3,TRUE,TRUE,FALSE
5,광화문,2,하행,지하,4,TRUE,TRUE,TRUE
5,광화문,1,상행,지하,4,TRUE,TRUE,TRUE
5,군자,1,상행,지하,3,TRUE,TRUE,TRUE
5,군,2,하행,지하,3,TRUE,TRUE,TRUE
5,굽은다리,2,하행,지하,2,TRUE,TRUE,TRUE
5,굽은다리,1,상행,지하,2,TRUE,TRUE,TRUE
5,길동,1,상행,지하,3,TRUE,TRUE,FALSE
5,길동,2,하행,지하,3,TRUE,TRUE,FALSE
5,김포공항,2,하행,지하,3,FALSE,TRUE,TRUE
5,김포공항,1,상행,지하,3,FALSE,TRUE,TRUE
5,까치산,1,상행,지하,5,TRUE,TRUE,FALSE
5,까치산,2,하행,지하,5,TRUE,TRUE,FALSE
5,답십리,1,상행,지하,3,FALSE,TRUE,TRUE
5,답십리,2,하행,지하,3,FALSE,TRUE,TRUE
5,동대문역사문화공원,1,상행,지하,5,TRUE,TRUE,TRUE
5,동대문역사문화공원,2,하행,지하,5,TRUE,TRUE,TRUE
5,둔촌동,1,상행,지하,2,TRUE,TRUE,FALSE
5,둔촌동,2,하행,지하,2,TRUE,TRUE,FALSE
5,마곡,1,상행,지하,2,TRUE,TRUE,FALSE
5,마곡,2,하행,지하,2,TRUE,TRUE,FALSE
5,마장,2,하행,지하,3,TRUE,TRUE,FALSE
5,마장,1,상행,지하,3,TRUE,TRUE,FALSE
5,마천,1,상행,지하,4,TRUE,TRUE,TRUE
5,마천,2,하행,지하,4,TRUE,TRUE,TRUE
5,마포,1,상행,지하,5,TRUE,TRUE,FALSE
5,마포,2,하행,지하,5,TRUE,TRUE,FALSE
5,명일,2,하행,지하,2,TRUE,TRUE,FALSE
5,명일,1,상행,지하,2,TRUE,TRUE,FALSE
5,목동,1,상행,지하,2,TRUE,TRUE,TRUE
5,목동,2,하행,지하,2,TRUE,TRUE,TRUE
5,발산,1,상행,지하,2,FALSE,TRUE,TRUE
5,발산,2,하행,지하,2,FALSE,TRUE,TRUE
5,방이,1,상행,지하,2,TRUE,TRUE,FALSE
5,방이,2,하행,지하,2,TRUE,TRUE,FALSE
5,방화,2,하행,지하,2,TRUE,TRUE,TRUE
5,방화,1,상행,지하,2,TRUE,TRUE,TRUE
5,상일동,2,하행,지하,2,TRUE,TRUE,FALSE
5,상일동,1,상행,지하,2,TRUE,TRUE,FALSE
5,서대문,2,하행,지하,4,TRUE,TRUE,TRUE
5,서대문,1,상행,지하,4,TRUE,TRUE,TRUE
5,양평,2,하행,지하,5,TRUE,TRUE,FALSE
5,양평,1,상행,지하,5,TRUE,TRUE,FALSE
5,송정,2,하행,지하,3,TRUE,TRUE,TRUE
5,송정,1,상행,지하,3,TRUE,TRUE,TRUE
5,신금호,2,하행,지하,8,TRUE,TRUE,TRUE
5,신금호,1,상행,지하,8,TRUE,TRUE,TRUE
5,신길,1,상행,지하,4,TRUE,TRUE,TRUE
5,신길,2,하행,지하,5,TRUE,TRUE,TRUE
5,신정,1,상행,지하,3,TRUE,TRUE,TRUE
5,신정,2,하행,지하,3,TRUE,TRUE,TRUE
5,아차산,1,상행,지하,3,TRUE,TRUE,TRUE
5,아차산,2,하행,지하,3,TRUE,TRUE,TRUE
5,애오개,2,하행,지하,4,TRUE,TRUE,TRUE
5,애오개,1,상행,지하,4,TRUE,TRUE,TRUE
5,여의나루,1,상행,지하,5,TRUE,TRUE,TRUE
5,여의나루,2,하행,지하,5,TRUE,TRUE,TRUE
5,여의도,2,하행,지하,4,TRUE,TRUE,TRUE
5,여의도,1,상행,지하,4,TRUE,TRUE,TRUE
5,영등포구청,1,상행,지하,5,TRUE,TRUE,TRUE
5,영등포구청,2,하행,지하,5,TRUE,TRUE,TRUE
5,영등포시장,2,하행,지하,6,TRUE,TRUE,FALSE
5,영등포시장,1,상행,지하,6,TRUE,TRUE,FALSE
5,오금,1,상행,지하,2,TRUE,TRUE,FALSE
5,오금,2,하행,지하,2,TRUE,TRUE,FALSE
5,오목교,1,상행,지하,3,FALSE,TRUE,TRUE
5,오목교,2,하행,지하,3,FALSE,TRUE,TRUE
5,올림픽공원,2,하행,지하,3,TRUE,TRUE,FALSE
5,올림픽공원,1,상행,지하,3,TRUE,TRUE,FALSE
5,왕십리,2,하행,지하,5,TRUE,TRUE,TRUE
5,왕십리,1,상행,지하,5,TRUE,TRUE,TRUE
5,우장산,2,하행,지하,2,FALSE,TRUE,FALSE
5,우장산,1,상행,지하,2,FALSE,TRUE,FALSE
5,을지로4가,2,하행,지하,5,TRUE,TRUE,TRUE
5,을지로4가,1,상행,지하,5,TRUE,TRUE,TRUE
5,미사,2,하행,지하,2,TRUE,TRUE,FALSE
5,미사,1,상행,지하,2,TRUE,TRUE,FALSE
5,하남풍산,1,상행,지하,2,TRUE,TRUE,FALSE
5,하남풍산,2,하행,지하,2,TRUE,TRUE,FALSE
5,장한평,1,상행,지하,3,TRUE,TRUE,FALSE
5,장한평,2,하행,지하,3,TRUE,TRUE,FALSE
5,종로3가,1,상행,지하,5,TRUE,TRUE,FALSE
5,종로3가,2,하행,지하,5,TRUE,TRUE,FALSE
5,천호,2,하행,지하,3,TRUE,TRUE,TRUE
5,천호,1,상행,지하,3,TRUE,TRUE,TRUE
5,청구,1,상행,지하,4,TRUE,TRUE,TRUE
5,청구,2,하행,지하,4,TRUE,TRUE,TRUE
5,충정로,2,하행,지하,5,TRUE,TRUE,TRUE
5,충정로,1,상행,지하,5,TRUE,TRUE,TRUE
5,행당,2,하행,지하,5,TRUE,TRUE,TRUE
5,행당,1,상행,지하,5,TRUE,TRUE,TRUE
5,화곡,1,상행,지하,2,TRUE,TRUE,FALSE
5,화곡,2,하행,지하,2,TRUE,TRUE,FALSE
6,고려대,2,하행,지하,4,TRUE,TRUE,TRUE
6,고려대,1,상행,지하,4,TRUE,TRUE,TRUE
6,공덕,1,상행,지하,3,TRUE,TRUE,FALSE
6,공덕,2,하행,지하,3,TRUE,TRUE,FALSE
6,광흥창,2,하행,지하,3,TRUE,TRUE,FALSE
6,광흥창,1,상행,지하,3,TRUE,TRUE,FALSE
6,구산,1,상행,지하,4,TRUE,TRUE,TRUE
6,구산,2,하행,지하,4,TRUE,TRUE,TRUE
6,녹사평,2,하행,지하,5,TRUE,TRUE,TRUE
6,녹사평,1,상행,지하,5,TRUE,TRUE,TRUE
6,대흥,2,하행,지하,3,TRUE,TRUE,FALSE
6,대흥,1,상행,지하,3,TRUE,TRUE,FALSE
6,독바위,1,상행,지하,6,TRUE,TRUE,TRUE
6,독바위,2,하행,지하,6,TRUE,TRUE,TRUE
6,돌곶이,2,하행,지하,2,TRUE,TRUE,FALSE
6,돌곶이,1,상행,지하,2,TRUE,TRUE,FALSE
6,동묘앞,1,상행,지하,3,TRUE,TRUE,FALSE
6,동묘앞,2,하행,지하,3,TRUE,TRUE,FALSE
6,디지털미디어시티,1,상행,지하,3,TRUE,TRUE,FALSE
6,디지털미디어시티,2,하행,지하,3,TRUE,TRUE,FALSE
6,마포구청,2,하행,지하,3,TRUE,TRUE,FALSE
6,마포구청,1,상행,지하,3,TRUE,TRUE,FALSE
6,망원,2,하행,지하,2,TRUE,TRUE,FALSE
6,망원,1,상행,지하,2,TRUE,TRUE,FALSE
6,버티고개,1,상행,지하,3,TRUE,TRUE,FALSE
6,버티고개,2,하행,지하,3,TRUE,TRUE,FALSE
6,보문,2,하행,지하,3,TRUE,TRUE,FALSE
6,보문,1,상행,지하,3,TRUE,TRUE,FALSE
6,봉화산,1,상행,지하,2,TRUE,TRUE,FALSE
6,봉화산,2,하행,지하,2,TRUE,TRUE,FALSE
6,불광,2,하행,지하,4,FALSE,TRUE,TRUE
6,불광,1,상행,지하,4,FALSE,TRUE,TRUE
6,삼각지,1,상행,지하,4,TRUE,TRUE,FALSE
6,삼각지,2,하행,지하,4,TRUE,TRUE,FALSE
6,상수,1,상행,지하,3,TRUE,TRUE,FALSE
6,상수,2,하행,지하,3,TRUE,TRUE,FALSE
6,상월곡,1,상행,지하,3,TRUE,TRUE,FALSE
6,상월곡,2,하행,지하,3,TRUE,TRUE,FALSE
6,새절,2,하행,지하,2,TRUE,TRUE,FALSE
6,새절,1,상행,지하,2,TRUE,TRUE,FALSE
6,석계,1,상행,지하,4,TRUE,TRUE,FALSE
6,석계,2,하행,지하,4,TRUE,TRUE,FALSE
6,신내,2,하행,지하,3,FALSE,TRUE,FALSE
6,신내,1,상행,지하,3,FALSE,TRUE,FALSE
6,신당,1,상행,지하,3,TRUE,TRUE,FALSE
6,신당,2,하행,지하,3,TRUE,TRUE,FALSE
6,안암,2,하행,지하,3,TRUE,TRUE,FALSE
6,안암,1,상행,지하,3,TRUE,TRUE,FALSE
6,약수,2,하행,지하,3,TRUE,TRUE,FALSE
6,약수,1,상행,지하,3,TRUE,TRUE,FALSE
6,역촌,2,하행,지하,4,TRUE,TRUE,FALSE
6,역촌,1,상행,지하,4,TRUE,TRUE,FALSE
6,연신내,2,하행,지하,5,FALSE,TRUE,TRUE
6,연신내,1,상행,지하,5,FALSE,TRUE,TRUE
6,월곡,2,하행,지하,3,TRUE,TRUE,TRUE
6,월곡,1,상행,지하,3,TRUE,TRUE,TRUE
6,월드컵경기장,1,상행,지하,3,TRUE,TRUE,TRUE
6,월드컵경기장,2,하행,지하,3,TRUE,TRUE,TRUE
6,응암,2,하행,지하,3,TRUE,TRUE,TRUE
6,응암,1,상행,지하,3,TRUE,TRUE,TRUE
6,이태원,2,하행,지하,5,TRUE,TRUE,TRUE
6,이태원,1,상행,지하,5,TRUE,TRUE,TRUE
6,증산,1,상행,지하,2,TRUE,TRUE,FALSE
6,증산,2,하행,지하,2,TRUE,TRUE,FALSE
6,창신,2,하행,지하,4,TRUE,TRUE,TRUE
6,창신,1,상행,지하,4,TRUE,TRUE,TRUE
6,청구,1,상행,지하,4,TRUE,TRUE,FALSE
6,청구,2,하행,지하,4,TRUE,TRUE,FALSE
6,태릉입구,2,하행,지하,4,TRUE,TRUE,FALSE
6,태릉입구,1,상행,지하,4,TRUE,TRUE,FALSE
6,한강진,1,상행,지하,4,TRUE,TRUE,FALSE
6,한강진,2,하행,지하,4,TRUE,TRUE,FALSE
6,합정,1,상행,지하,4,TRUE,TRUE,TRUE
6,합정,2,하행,지하,4,TRUE,TRUE,TRUE
6,화랑대,1,상행,지하,4,TRUE,TRUE,FALSE
6,화랑대,2,하행,지하,4,TRUE,TRUE,FALSE
6,효창공원앞,1,상행,지하,3,TRUE,TRUE,FALSE
6,효창공원앞,2,하행,지하,3,TRUE,TRUE,FALSE
7,가산디지털단지,1,상행,지하,4,TRUE,TRUE,TRUE
7,가산디지털단지,2,하행,지하,4,TRUE,TRUE,TRUE
7,강남구청,1,상행,지하,3,TRUE,TRUE,TRUE
7,강남구청,2,하행,지하,3,TRUE,TRUE,TRUE
7,건대입구,1,상행,지하,3,FALSE,TRUE,TRUE
7,건대입구,2,하행,지하,3,FALSE,TRUE,TRUE
7,고속터미널,1,상행,지하,3,TRUE,TRUE,TRUE
7,고속터미널,2,하행,지하,3,TRUE,TRUE,TRUE
7,공릉,1,상행,지하,4,TRUE,TRUE,TRUE
7,공릉,2,하행,지하,4,TRUE,TRUE,TRUE
7,광명사거리,1,상행,지하,3,TRUE,TRUE,FALSE
7,광명사거리,2,하행,지하,3,TRUE,TRUE,FALSE
7,군자,2,하행,지하,3,TRUE,TRUE,FALSE
7,군자,1,상행,지하,3,TRUE,TRUE,FALSE
7,남구로,2,하행,지하,5,TRUE,TRUE,TRUE
7,남구로,1,상행,지하,5,TRUE,TRUE,TRUE
7,남성,1,상행,지하,3,TRUE,TRUE,TRUE
7,남성,2,하행,지하,3,TRUE,TRUE,TRUE
7,내방,1,상행,지하,3,TRUE,TRUE,FALSE
7,내방,2,하행,지하,3,TRUE,TRUE,FALSE
7,노원,1,상행,지하,3,TRUE,TRUE,TRUE
7,노원,2,하행,지하,3,TRUE,TRUE,TRUE
7,논현,2,하행,지하,3,TRUE,TRUE,FALSE
7,논현,1,상행,지하,3,TRUE,TRUE,FALSE
7,대림,2,하행,지하,2,TRUE,TRUE,TRUE
7,대림,1,상행,지하,2,TRUE,TRUE,TRUE
7,도봉산,2,하행,지상,2,TRUE,TRUE,TRUE
7,도봉산,1,상행,지상,2,TRUE,TRUE,TRUE
7,뚝섬유원지,2,하행,지상,3,TRUE,TRUE,FALSE
7,뚝섬유원지,1,상행,지상,3,TRUE,TRUE,FALSE
7,마들,2,하행,지하,3,TRUE,TRUE,TRUE
7,마들,1,상행,지하,3,TRUE,TRUE,TRUE
7,먹골,1,상행,지하,3,FALSE,TRUE,TRUE
7,먹골,2,하행,지하,3,FALSE,TRUE,TRUE
7,면목,2,하행,지하,4,TRUE,TRUE,TRUE
7,면목,1,상행,지하,4,TRUE,TRUE,TRUE
7,반포,2,하행,지하,3,TRUE,TRUE,FALSE
7,반포,1,상행,지하,3,TRUE,TRUE,FALSE
7,보라매,2,하행,지하,2,TRUE,TRUE,FALSE
7,보라매,1,상행,지하,2,TRUE,TRUE,FALSE
7,사가정,2,하행,지하,4,TRUE,TRUE,TRUE
7,사가정,1,상행,지하,4,TRUE,TRUE,TRUE
7,상도,2,하행,지하,3,TRUE,TRUE,FALSE
7,상도,1,상행,지하,3,TRUE,TRUE,FALSE
7,상봉,1,상행,지하,3,TRUE,TRUE,TRUE
7,상봉,2,하행,지하,3,TRUE,TRUE,TRUE
7,수락산,2,하행,지하,3,TRUE,TRUE,TRUE
7,수락산,1,상행,지하,3,TRUE,TRUE,TRUE
7,숭실대입구,2,하행,지하,6,TRUE,TRUE,FALSE
7,숭실대입구,1,상행,지하,6,TRUE,TRUE,FALSE
7,신대방삼거리,2,하행,지하,3,FALSE,TRUE,FALSE
7,신대방삼거리,1,상행,지하,3,FALSE,TRUE,FALSE
7,신풍,1,상행,지하,2,TRUE,TRUE,TRUE
7,신풍,2,하행,지하,2,TRUE,TRUE,TRUE
7,어린이대공원,2,하행,지하,3,FALSE,TRUE,TRUE
7,어린이대공원,1,상행,지하,3,FALSE,TRUE,TRUE
7,온수,1,상행,지하,2,TRUE,TRUE,FALSE
7,온수,2,하행,지하,2,TRUE,TRUE,FALSE
7,용마산,2,하행,지하,4,TRUE,TRUE,TRUE
7,용마산,1,상행,지하,4,TRUE,TRUE,TRUE
7,장승배기,1,상행,지하,3,FALSE,TRUE,TRUE
7,장승배기,2,하행,지하,3,FALSE,TRUE,TRUE
7,장암,1,상행,지상,1,TRUE,TRUE,FALSE
7,장암,2,하행,지상,1,TRUE,TRUE,FALSE
7,중계,1,상행,지하,3,TRUE,TRUE,TRUE
7,중계,2,하행,지하,3,TRUE,TRUE,TRUE
7,중곡,2,하행,지하,3,TRUE,TRUE,TRUE
7,중곡,1,상행,지하,3,TRUE,TRUE,TRUE
7,중화,2,하행,지하,3,TRUE,TRUE,TRUE
7,중화,1,상행,지하,3,TRUE,TRUE,TRUE
7,천왕,2,하행,지하,2,TRUE,TRUE,TRUE
7,천왕,1,상행,지하,2,TRUE,TRUE,TRUE
7,철산,2,하행,지하,2,FALSE,TRUE,TRUE
7,철산,1,상행,지하,2,FALSE,TRUE,TRUE
7,청담,2,하행,지하,4,TRUE,TRUE,FALSE
7,청담,1,상행,지하,4,TRUE,TRUE,FALSE
7,총신대입구,2,하행,지하,4,TRUE,TRUE,TRUE
7,총신대입구,1,상행,지하,4,TRUE,TRUE,TRUE
7,태릉입구,1,상행,지하,4,TRUE,TRUE,TRUE
7,태릉입구,2,하행,지하,4,TRUE,TRUE,TRUE
7,하계,2,하행,지하,3,TRUE,TRUE,TRUE
7,하계,1,상행,지하,3,TRUE,TRUE,TRUE
7,학동,2,하행,지하,3,FALSE,TRUE,FALSE
7,학동,1,상행,지하,3,FALSE,TRUE,FALSE
8,가락시장,1,상행,지하,3,TRUE,TRUE,FALSE
8,가락시장,2,하행,지하,3,TRUE,TRUE,FALSE
8,강동구청,2,하행,지하,3,TRUE,TRUE,FALSE
8,강동구청,1,상행,지하,3,TRUE,TRUE,FALSE
8,남한산성입구,1,상행,지하,3,TRUE,TRUE,FALSE
8,남한산성입구,2,하행,지하,3,TRUE,TRUE,FALSE
8,단대오거리,2,하행,지하,3,TRUE,TRUE,TRUE
8,단대오거리,1,상행,지하,3,TRUE,TRUE,TRUE
8,모란,2,하행,지하,3,TRUE,TRUE,FALSE
8,모란,1,상행,지하,3,TRUE,TRUE,FALSE
8,몽촌토성,1,상행,지하,3,TRUE,TRUE,TRUE
8,몽촌토성,2,하행,지하,3,TRUE,TRUE,TRUE
8,문정,1,상행,지하,2,TRUE,TRUE,FALSE
8,문정,2,하행,지하,2,TRUE,TRUE,FALSE
8,복정,2,하행,지하,2,TRUE,TRUE,FALSE
8,복정,1,상행,지하,2,TRUE,TRUE,FALSE
8,산성,1,상행,지하,4,TRUE,TRUE,TRUE
8,산성,2,하행,지하,4,TRUE,TRUE,TRUE
8,석촌,1,상행,지하,2,TRUE,TRUE,FALSE
8,석촌,2,하행,지하,2,TRUE,TRUE,FALSE
8,송파,2,하행,지하,2,TRUE,TRUE,FALSE
8,송파,1,상행,지하,2,TRUE,TRUE,FALSE
8,수진,1,상행,지하,2,TRUE,TRUE,FALSE
8,수진,2,하행,지하,2,TRUE,TRUE,FALSE
8,신흥,1,상행,지하,2,TRUE,TRUE,FALSE
8,신흥,2,하행,지하,2,TRUE,TRUE,FALSE
8,암사,1,상행,지하,2,TRUE,TRUE,FALSE
8,암사,2,하행,지하,2,TRUE,TRUE,FALSE
8,잠실,2,하행,지하,3,FALSE,TRUE,TRUE
8,잠실,1,상행,지하,3,FALSE,TRUE,TRUE
8,장지,2,하행,지하,2,TRUE,TRUE,FALSE
8,장지,1,상행,지하,2,TRUE,TRUE,FALSE
8,천호,2,하행,지하,2,TRUE,TRUE,FALSE
8,천호,1,상행,지하,2,TRUE,TRUE,FALSE
8,석촌,2,하행,지하,2,TRUE,TRUE,FALSE
8,송파,2,하행,지하,2,TRUE,TRUE,FALSE
8,송파,1,상행,지하,2,TRUE,TRUE,FALSE
8,수진,1,상행,지하,2,TRUE,TRUE,FALSE
8,수진,2,하행,지하,2,TRUE,TRUE,FALSE
8,신흥,1,상행,지하,2,TRUE,TRUE,FALSE
8,신흥,2,하행,지하,2,TRUE,TRUE,FALSE
8,암사,1,상행,지하,2,TRUE,TRUE,FALSE
8,암사,2,하행,지하,2,TRUE,TRUE,FALSE
8,잠실,2,하행,지하,3,FALSE,TRUE,TRUE
8,잠실,1,상행,지하,3,FALSE,TRUE,TRUE
8,장지,2,하행,지하,2,TRUE,TRUE,FALSE
8,장지,1,상행,지하,2,TRUE,TRUE,FALSE
8,천호,2,하행,지하,2,TRUE,TRUE,FALSE
8,천호,1,상행,지하,2,TRUE,TRUE,FALSE
