연번,호선,역명,호기,승강기번호,설치위치,운행구간
0,1,서울역,내부#1,0074-205,"시청 방면5-1, B2-B1",B2-B1
1,1,서울역,외부#1,0104-656,"2번 출구 측, B1-1F",B1-1F
2,1,서울역,외부#2,0105-867,"4번 출구 측, B1-1F",B1-1F
3,1,서울역,외부#3,0073-979,"3번 출구 측, B1-1F",B1-1F
4,1,시청,내부#1,0002-888,"종각 방면3-2, B2-B1",B2-B1
5,1,시청,내부#2,0002-887,"서울역 방면8-3, B2-B1",B2-B1
6,1,시청,외부#1,0002-889,"1,2번 출구 사이, B1-1F",B1-1F
7,1,종각,내부#1,0000-506,"종로3가 방면6-4, B2-B1",B2-B1
8,1,종각,내부#2,0000-507,"시청 방면4-4, B2-B1",B2-B1
9,1,종각,외부#1,0000-508,"3번 출구 측, B1-1F",B1-1F
10,1,종각,외부#2,0113-945,"1번 출구 측, B1-1F",B1-1F
11,1,종로3가,내부#1,0000-512,"종로5가 방면5-1, B2-B1",B2-B1
12,1,종로3가,내부#2,0000-513,"종각 방면6-4, B2-B1",B2-B1
13,1,종로3가,외부#1,0073-426,"12,13번 출구 사이, B1-1F",B1-1F
14,1,종로5가,내부#1,0000-533,"동대문(1) 방면8-3, B2-B1",B2-B1
15,1,종로5가,내부#2,0000-534,"종로3가 방면3-2, B2-B1",B2-B1
16,1,종로5가,외부#1,0155-440,"8,9번(지하상가) 출구 사이, B1-1F",B1-1F
17,1,동대문,내부#1,0000-906,"동묘앞 방면10-4, B2-B1",B2-B1
18,1,동대문,내부#2,0000-907,"종로5가 방면2-1, B2-B1",B2-B1
19,1,동대문,외부#1,0000-905,"6번 출구 측, B1-1F",B1-1F
20,1,동묘앞,내부#1,0000-946,"신설동 방면6-2, B1-4F",B1-4F
21,1,동묘앞,내부#2,0000-943,"신설동 방면10-3, B2-BM2-B1",B2-BM2-B1
22,1,동묘앞,내부#3,0000-947,"신설동 방면4-8, B2-B1",B2-B1
23,1,동묘앞,내부#4,0000-948,"동대문(1) 방면7-3, B2-B1",B2-B1
24,1,동묘앞,내부#5,0000-944,"동대문(1) 방면1-2, B2-B1",B2-B1
25,1,동묘앞,외부#1,0000-945,"1,10번 출구 사이, B1-BM-1F",B1-BM-1F
26,1,동묘앞,외부#2,0000-960,"3번 출구 측, B1-1F",B1-1F
27,1,신설동,내부#1,0083-762,"제기동 방면3-4, B2-B1",B2-B1
28,1,신설동,내부#2,0083-764,"동묘앞 방면8-1, B2-B1",B2-B1
29,1,신설동,외부#1,0003-532,"1번 출구 측, B1-1F",B1-1F
30,1,신설동,외부#2,0083-761,"2,3번 출구 사이, B1-1F",B1-1F
31,1,신설동,외부#3,0083-763,"4,5번 출구 사이, B1-1F",B1-1F
32,1,제기동,내부#1,0043-600,"청량리 방면9-4, B2-B1",B2-B1
33,1,제기동,내부#2,0027-701,"신설동 방면2-1, B2-B1",B2-B1
34,1,제기동,외부#1,0093-165,"1번 출구 측, B1-1F",B1-1F
35,1,청량리,외부#1,0027-702,"6번 출구 측, B2-1F",B2-1F
37,1,청량리,외부#2,0158-313,"2번 출구 측, B1-1F",B1-1F
37,2,시청,내부#1,0042-520,"충정로 방면6-2, 을지로입구 방면5-3, B3-B1",B3-B1
38,2,시청,외부#1,0002-886,"9번 출구 측, B1-1F",B1-1F
39,2,을지로입구,내부#1,0003-059,"시청 방면5-3, B2-B1",B2-B1
40,2,을지로입구,내부#2,0003-058,"을지로3가 방면6-2, B2-B1",B2-B1
41,2,을지로입구,외부#1,0124-101,"1번 출구 측, B1-1F",B1-1F
42,2,을지로입구,외부#2,0104-712,"5,6번 출구 사이, B1-1F",B1-1F
43,2,을지로3가,내부#1,0042-132,"을지로입구 방면8-3, B2-B1",B2-B1
44,2,을지로3가,내부#2,0042-133,"을지로4가 방면3-2, B2-B1",B2-B1
45,2,을지로4가,내부#1,0042-130,"을지로3가 방면3-2, B2-B1",B2-B1
46,2,을지로4가,내부#2,0042-131,"동대문역사문화공원 방면8-3, B2-B1",B2-B1
47,2,을지로4가,외부#1,0102-390,"8번 출구 측, B1-1F",B1-1F
48,2,동대문역사문화공원,내부#1,0003-055,"을지로4가 방면8-3, B2-B1",B2-B1
49,2,동대문역사문화공원,내부#2,0003-056,"신당 방면3-2, B2-B1",B2-B1
50,2,동대문역사문화공원,외부#1,0039-324,"1번 출구 측, B1-1F",B1-1F
51,2,신당,외부#1,0004-367,"2번 출구 측, B1-1F",B1-1F
52,2,신당,내부#1,0103-796,"동대문역사문화공원 방면3-4, B2-B1",B2-B1
53,2,신당,내부#2,0103-797,"상왕십리 방면7-4, B2-B1",B2-B1
54,2,상왕십리,내부#1,0042-156,"신당 방면8-1, B2-B1",B2-B1
55,2,상왕십리,내부#2,0042-157,"왕십리 방면3-4, B2-B1",B2-B1
56,2,상왕십리,외부#1,0117-183,"1-1번 출구 측, B1-1F",B1-1F
57,2,왕십리,내부#1,0003-466,"상왕십리 방면3-2, B2-B1",B2-B1
58,2,왕십리,내부#2,0068-689,"한양대 방면3-4, B2-B1",B2-B1
59,2,한양대,내부#1,0042-129,"왕십리 방면3-3, 1F-2F",1F-2F
60,2,한양대,외부#1,0042-128,"4번 출구(육교) 측, 1F-2F",1F-2F
61,2,뚝섬,내부#1,0003-051,"한양대 방면7-1, 2F-3F",2F-3F
62,2,뚝섬,내부#2,0003-050,"성수 방면7-1, 2F-3F",2F-3F
63,2,뚝섬,외부#1,0003-049,"3번 출구 측, 1F-2F",1F-2F
64,2,뚝섬,외부#2,0131-787,"6번 출구 측, 1F-2F",1F-2F
65,2,성수,내부#1,0074-865,"뚝섬 방면7-1, 2F-3F",2F-3F
66,2,성수,내부#2,0074-866,"건대입구 방면4-4, 2F-3F",2F-3F
67,2,성수,외부#1,0039-325,"1번 출구 측, 1F-2F",1F-2F
68,2,성수,외부#2,0039-327,"4번 출구 측, 1F-2F",1F-2F
69,2,신답,내부#1,0039-326,"용두 방면2-4, 1F-2F",1F-2F
70,2,신답,내부#2,0104-461,"용답 방면3-2, 1F-2F",1F-2F
71,2,용두,내부#1,0054-021,"신설동 방면4-3, B2-B1",B2-B1
72,2,용두,내부#2,0054-022,"신답 방면1-1, B2-B1",B2-B1
73,2,용두,외부#1,0054-023,"3번 출구 측, B1-1F",B1-1F
74,2,용두,외부#2,0054-024,"4번 출구 측, B1-1F",B1-1F
75,2,신설동,내부#1,0027-703,"신설동 방면4-4, B2-B1",B2-B1
76,2,신설동,외부#1,0044-516,"9번 출구 측, B1-1F",B1-1F
77,2,건대입구,내부#1,0108-564,"성수 방면5-4, 2F-3F",2F-3F
78,2,건대입구,외부#1,0095-448,"구의 방면7-3, 6번 출구 측, 1F-2F-3F",1F-2F-3F
79,2,구의,내부#1,0028-196,"건대입구 방면4-3, 2F-3F",2F-3F
80,2,구의,외부#1,0028-197,"강변 방면7-2, 2번 출구 측, 1F-2F-3F",1F-2F-3F
81,2,강변,내부#1,0093-166,"구의 방면4-2, 1F-2F",1F-2F
82,2,강변,내부#2,0093-167,"잠실나루 방면7-3, 1F-2F",1F-2F
83,2,잠실나루,내부#1,0012-789,"강변 방면3-4, 1F-2F",1F-2F
84,2,잠실나루,내부#2,0012-790,"잠실 방면8-1, 1F-2F",1F-2F
85,2,잠실,내부#1,0007-841,"잠실나루 방면5-2, B2-B1",B2-B1
86,2,잠실,내부#2,0007-842,"잠실새내 방면6-3, B2-B1",B2-B1
87,2,잠실,외부#1,0065-637,"6번 출구 측, B1-1F",B1-1F
88,2,잠실,외부#2,0089-517,"1번 출구 측, B1-1F",B1-1F
89,2,잠실새내,내부#1,0008-945,"잠실방면7-3, B2-B1",B2-B1
90,2,잠실새내,내부#2,0008-946,"종합운동장 방면4-1, B2-B1",B2-B1
91,2,잠실새내,외부#1,0075-476,"7번 출구 측, B1-1F",B1-1F
92,2,잠실새내,외부#2,0008-670,"2번 출구 측, B1-1F",B1-1F
93,2,종합운동장,내부#1,0008-146,"잠실새내 방면2-4, B2-B1",B2-B1
94,2,종합운동장,내부#2,0008-147,"삼성 방면8-4, B2-B1",B2-B1
95,2,종합운동장,외부#1,0008-148,"6번 출구 측, B1-1F",B1-1F
96,2,삼성,내부#1,0007-844,"종합운동장 방면3-1, 선릉 방면8-4, B2-B1",B2-B1
97,2,삼성,외부#1,0007-843,"1번 출구 측, B1-1F",B1-1F
98,2,삼성,외부#2,0014-060,"6번 출구 측, B1-1F",B1-1F
99,2,삼성,외부#3,0075-477,"8번 출구 측, B1-1F",B1-1F
100,2,삼성,외부#4,0105-289,"4번 출구 측, B1-1F",B1-1F
101,2,선릉,외부#1,0066-856,"1번 출구 측, B1-1F",B1-1F
102,2,선릉,외부#2,0105-099,"5번 출구 측, B1-1F",B1-1F
103,2,선릉,외부#3,0072-904,"10번 출구 측, B1-1F",B1-1F
104,2,역삼,내부#1,0075-561,"선릉 방면7-3, B2-B1",B2-B1
105,2,역삼,내부#2,0075-562,"강남 방면4-1, B2-B1",B2-B1
106,2,역삼,외부#1,0065-638,"3번 출구 측, B1-1F",B1-1F
107,2,역삼,외부#2,0075-563,"4번 출구 측, B1-1F",B1-1F
108,2,강남,내부#1,0087-544,"역삼 방면8-1, B2-B1",B2-B1
109,2,강남,내부#2,0087-545,"교대 방면3-4, B2-B1",B2-B1
110,2,강남,외부#1,0087-546,"1번 출구 측, B1-1F",B1-1F
111,2,강남,외부#2,0087-547,"10번 출구 측, B1-1F",B1-1F
112,2,교대,내부#1,0008-151,"강남 방면8-4, B2-B1",B2-B1
113,2,교대,내부#2,0008-152,"서초 방면3-1, B2-B1",B2-B1
114,2,교대,외부#1,0046-583,"5번 출구 측, B1-1F",B1-1F
115,2,서초,내부#1,0008-943,"교대 방면2-4, B2-B1",B2-B1
116,2,서초,내부#2,0008-944,"방배 방면9-1, B2-B1",B2-B1
117,2,서초,외부#1,0075-478,"1번 출구 측, B1-1F",B1-1F
118,2,서초,외부#2,0072-667," 3,4번 출구 측, B1-1F",B1-1F
119,2,방배,내부#1,0008-947,"서초 방면8-3, B2-B1",B2-B1
120,2,방배,내부#2,0008-948,"사당 방면3-1, B2-B1",B2-B1
121,2,방배,외부#1,0046-582,"3번 출구 측, B1-1F",B1-1F
122,2,사당,내부#1,0091-437,"방배 방면4-4, B2-B1",B2-B1
123,2,사당,외부#1,0091-438,"14번 출구 측, B1-1F",B1-1F
124,2,사당,외부#2,0098-381,"6번 출구 측, B1-1F",B1-1F
125,2,낙성대,내부#1,0020-064,"사당 방면8-2, B2-B1",B2-B1
126,2,낙성대,내부#2,0020-065,"서울대입구 방면3-3, B2-B1",B2-B1
127,2,낙성대,외부#1,0020-066,"6번 출구 측, B1-1F",B1-1F
128,2,서울대입구,내부#1,0020-839,"봉천 방면6-2, 낙성대 방면5-3, B2-B1",B2-B1
129,2,서울대입구,외부#1,0110-204,"6번 출구 측, B1-1F",B1-1F
130,2,서울대입구,외부#2,0114-806,"2번 출구 측, B1-1F",B1-1F
131,2,봉천,내부#1,0060-936,"신림 방면4-4, 서울대 방면7-4, B2-B1",B2-B1
132,2,봉천,외부#1,0060-937,"4번 출구 측, B1-1F",B1-1F
133,2,신림,내부#1,0019-759,"신대방 방면2-3, 봉천 방면7-4, B2-B1",B2-B1
134,2,신림,외부#1,0019-760,"1번 출구 측, B1-1F",B1-1F
135,2,신림,외부#2,0092-886,"5번 출구 측, B1-1F",B1-1F
136,2,신대방,내부#1,0020-955,"신림방면 3-4, 2F-3F",2F-3F
137,2,신대방,내부#2,0020-956,"구로디지털단지 방면8-1, 2F-3F",2F-3F
138,2,신대방,외부#1,0020-957,"1번 출구 측, 1F-2F",1F-2F
139,2,구로디지털단지,내부#1,0019-757,"신대방 방면3-4, 1F-2F",1F-2F
140,2,구로디지털단지,내부#2,0019-758,"대림 방면7-4, 2F-3F",2F-3F
141,2,구로디지털단지,외부#1,0019-756,"6번 출구 측, 2F-3F",2F-3F
142,2,구로디지털단지,외부#2,0156-754,"2,3번 출구 사이, 1F-2F",1F-2F
143,2,대림,외부#1,0107-009,"7번 출구 측, 1F-2F",1F-2F
144,2,대림,외부#2,0060-929,"4번 출구 측, 1F-2F",1F-2F
145,2,대림,내부1,0060-928,"구로디지털단지 방면3-2, 2F-3F",2F-3F
146,2,대림,내부2,0060-927,"신도림 방면8-3, 2F-3F",2F-3F
147,2,신도림,내부#1,0085-969,"대림 방면4-4, 문래 방면7-4, B2-B1",B2-B1
148,2,신도림,내부#2,0098-197,"대림 방면3-2, B2-B1",B2-B1
149,2,신도림,외부#1,0109-522,"1번 출구 측, B1-2F",B1-2F
150,2,신도림,외부#2,0098-196,"2번 출구 측, B1-1F",B1-1F
151,2,도림천,내부#1,0022-597,"신도림 방면4-4, B3-B2",B3-B2
152,2,도림천,외부#1,0022-596,"도림천 방면2-4, B3-B1",B3-B1
153,2,양천구청,내부#1,0020-959,"신정네거리 방면4-1, B2-B1",B2-B1
154,2,양천구청,내부#2,0020-960,"도림천 방면3-3, B2-B1",B2-B1
155,2,양천구청,외부#1,0020-958,"1번 출구 측, B1-1F",B1-1F
156,2,신정네거리,내부#1,0060-930,"까치산 방면4-1, B3-B2",B3-B2
157,2,신정네거리,내부#2,0060-931,"양천구청 방면3-4, B3-B2",B3-B2
158,2,신정네거리,외부#1,0060-932,"2번 출구 측, B2-1F",B2-1F
159,2,문래,내부#1,0021-258,"신도림 방면7-4, B2-B1",B2-B1
160,2,문래,내부#2,0021-259,"영등포구청 방면4-1, B2-B1",B2-B1
161,2,문래,외부#1,0107-085,"5번 출구 측, B1-1F",B1-1F
162,2,문래,외부#2,0133-667,"1번 출구 측, B1-1F",B1-1F
163,2,영등포구청,내부#1,0021-255,"문래 방면8-4, B2-B1",B2-B1
164,2,영등포구청,내부#2,0021-256,"당산 방면3-1, B2-B1",B2-B1
165,2,영등포구청,외부#1,0021-254,"2번 출구 측, B1-1F",B1-1F
166,2,영등포구청,외부#2,0157-040,"5번 출구 측, B1-1F",B1-1F
167,2,당산,내부#1,0020-068,"영등포구청 방면8-3, 2F-3F",2F-3F
168,2,당산,내부#2,0020-069,"합정 방면3-2, 2F-3F",2F-3F
169,2,당산,외부#1,0020-067,"4번 출구 측, 1F-2F",1F-2F
170,2,당산,외부#2,0156-907,"3번 출구 측, 1F-2F",1F-2F
171,2,합정,내부#1,0073-427,"당산 방면4-1, B2-B1",B2-B1
172,2,합정,내부#2,0042-092,"홍대입구 방면7-3, B2-B1",B2-B1
173,2,합정,외부#1,0103-758,"1,2번 출구 사이, B1-1F",B1-1F
174,2,합정,외부#2,0073-978,"3,4번 출구 사이, B1-1F",B1-1F
175,2,홍대입구,내부#1,0102-349,"합정 방면7-2, 신촌 방면4-3, B2-B1",B2-B1
176,2,홍대입구,외부#1,0102-350,"8번 출구 측, B1-1F",B1-1F
177,2,신촌,내부#1,0102-373,"홍대입구 방면8-4, B2-B1",B2-B1
178,2,신촌,내부#2,0102-374,"이대 방면4-4, B2-B1",B2-B1
179,2,신촌,외부#1,0039-954,"4번 출구 측, B1-1F",B1-1F
180,2,신촌,외부#2,0127-889,"6번 출구 측, B1-1F",B1-1F
181,2,이대,내부#1,0102-372,"신촌 방면2-2, 아현 방면9-3, B2-B1",B2-B1
182,2,이대,외부#1,0042-093,"6번 출구 측, B1-1F",B1-1F
183,2,이대,외부#2,0152-647,"2번 출구 측, B1-1F",B1-1F
184,2,아현,내부#1,0102-369,"이대 방면7-2, B2-B1",B2-B1
185,2,아현,내부#2,0102-370,"충정로 방면4-3, B2-B1",B2-B1
186,2,아현,외부#1,0042-109,"3번 출구 측, B1-1F",B1-1F
187,2,아현,외부#2,0129-011,"1번 출구 측, B1-1F",B1-1F
188,2,충정로,내부#1,0039-953,"아현 방면2-1, 시청 방면9-4, B3-B2",B3-B2
189,2,충정로,외부#1,0105-868,"5번 출구 측, B2-1F",B2-1F
190,3,지축,내부#1,2040-730,"삼송 방면2-1, 구파발 방면9-4, 1F-2F",1F-2F
191,3,구파발,내부#1,0081-259,"지축 방면5-3, 연신내 방면6-2, B2-B1",B2-B1
192,3,구파발,외부#1,0081-260,"1번 출구 측, B1-1F",B1-1F
193,3,연신내,내부#1,0102-345,"구파발 방면6-1, 불광 방면5-4, B2-B1",B2-B1
194,3,불광,내부#1,0039-994,"연신내 방면3-3, B2-B1",B2-B1
195,3,불광,내부#2,0002-833,"녹번 방면8-2, B2-B1",B2-B1
196,3,불광,외부#1,0102-055,"1번 출구 측, B1-1F",B1-1F
197,3,녹번,내부#1,0102-399,"불광 방면3-1, 홍제 방면8-4, B2-B1",B2-B1
198,3,녹번,외부#1,0080-695,"3번 출구 측, B1-1F",B1-1F
199,3,녹번,외부#2,0127-909,"1번 출구 측, B1-1F",B1-1F
200,3,홍제,내부#1,0102-346,"녹번 방면3-4, 무악재 방면8-1, B3-B2",B3-B2
201,3,홍제,외부#1,0039-995,"4번 출구 측, B2-1F",B2-1F
202,3,홍제,외부#2,0073-438,"1번 출구 측, B1-1F",B1-1F
203,3,무악재,내부#1,0082-061,"홍제 방면3-3, B3-B2",B3-B2
204,3,무악재,내부#2,0082-062,"독립문 방면8-2, B3-B2",B3-B2
205,3,무악재,외부#1,0082-063,"1번 출구 측, B2-1F",B2-1F
206,3,독립문,내부#1,0039-996,"무악재 방면9-1, 경복궁 방면2-4, B3-B2",B3-B2
207,3,독립문,외부#1,0102-347,"4번 출구 측, B2-1F",B2-1F
208,3,경복궁,내부#1,0000-388,"독립문 방면6-2, 안국 방면5-3, B3-B2",B3-B2
209,3,경복궁,외부#1,0000-719,"4번 출구 측, B2-1F",B2-1F
210,3,안국,내부#1,0000-591,"경복궁 방면3-2, 종로3가 방면8-3, B3-B2",B3-B2
211,3,안국,외부#1,0000-592,"6번 출구 측, B2-1F",B2-1F
212,3,종로3가,내부#1,0125-744,"안국 방면4-3, 을지로3가 방면7-1, B4-B2",B4-B2
213,3,종로3가,외부#1,0125-743,"8번 출구 측, B1-1F",B1-1F
214,3,을지로3가,내부#1,0040-427,"종로3가 방면6-3, 충무로 방면5-2, B3-B1",B3-B1
215,3,을지로3가,외부#1,0040-428,"10번 출구 측, B1-1F",B1-1F
216,3,동대입구,내부#1,0003-046,"충무로 방면3-1, 약수 방면8-4, B3-B2",B3-B2
217,3,동대입구,내부#2,0118-605,"대합실(F계단 측), B2-B1",B2-B1
218,3,동대입구,외부#1,0102-299,"6번 출구 측, B2-1F",B2-1F
219,3,약수,내부#1,0102-482,"동대입구 방면8-4, 금호 방면3-1, B2-B1",B2-B1
220,3,약수,외부#1,0073-377,"3번 출구 측, B1-1F",B1-1F
221,3,금호,내부#1,0102-309,"약수 방면3-2, 옥수 방면8-3, B2-B1",B2-B1
222,3,금호,외부#1,0041-329,"2번 출구 측, B1-1F",B1-1F
223,3,금호,외부#2,0145-645,"3번 출구 측, B1-1F",B1-1F
224,3,옥수,내부#1,0074-036,"금호 방면10-1, 2F-3F",2F-3F
225,3,옥수,내부#2,0074-037,"압구정 방면1-2, 2F-3F",2F-3F
226,3,옥수,외부#1,0040-429,"4,5번 출구 측, 1F-2F",1F-2F
227,3,압구정,내부#1,0033-201,"옥수 방면8-2, B2-B1",B2-B1
228,3,압구정,내부#2,0033-202,"신사 방면3-2, B2-B1",B2-B1
229,3,압구정,외부#1,0137-278,"3번 출구 측, B1-1F",B1-1F
230,3,압구정,외부#2,0108-323,"2번 출구 측, B1-1F",B1-1F
231,3,신사,내부#1,0049-398,"압구정 방면3-1, B2-B1",B2-B1
232,3,신사,내부#2,0049-407,"잠원 방면8-3, B2-B1",B2-B1
233,3,신사,외부#1,0099-799,"1번 출구 측, B1-1F",B1-1F
234,3,신사,외부#2,0110-416,"8번 출구 측, B1-1F",B1-1F
235,3,잠원,내부#1,0033-321,"신사 방면3-3, B2-B1",B2-B1
236,3,잠원,내부#2,0035-271,"고속터미널 방면8-2, B2-B1",B2-B1
237,3,잠원,외부#1,0033-320,"1번 출구 측, B1-1F",B1-1F
238,3,고속터미널,내부#1,0033-322,"잠원 방면8-2, B3-B2",B3-B2
239,3,고속터미널,내부#2,0033-323,"교대 방면3-3, B3-B2",B3-B2
240,3,교대,외부#1,0151-807,"13번 출구 측, B1-1F",B1-1F
241,3,교대,내부#1,0035-270,"고속터미널 방면4-2, 남부터미널 방면7-3, B3-B2-B1",B3-B2-B1
242,3,남부터미널,내부#1,0101-445,"교대 방면3-2, B3-B2",B3-B2
243,3,남부터미널,내부#2,0101-446,"양재 방면8-2, B3-B2",B3-B2
244,3,남부터미널,외부#1,0093-684,"5번 출구 측, B2-1F",B2-1F
245,3,양재,내부#1,0099-778,"남부터미널 방면3-1, B2-B1",B2-B1
246,3,양재,내부#2,0099-779,"매봉 방면8-4, B2-B1",B2-B1
247,3,양재,외부#2,0110-414,"4번 출구 측, B1-1F",B1-1F
248,3,양재,외부#1,0099-776,"11번 출구 측, B1-1F",B1-1F
249,3,매봉,내부#1,0033-324,"양재 방면5-4, B2-B1",B2-B1
250,3,매봉,내부#2,0033-325,"도곡 방면6-1, B2-B1",B2-B1
251,3,매봉,외부#1,0035-269,"1번 출구 측, B1-1F",B1-1F
252,3,대치,내부#1,0033-207,"도곡 방면1-1, 학여울 방면10-4, B3-B1",B3-B1
253,3,대치,외부#1,0099-954,"7번 출구 측, B1-1F",B1-1F
254,3,학여울,내부#1,0033-368,"대치 방면5-4, B5-B4",B5-B4
255,3,학여울,내부#2,0033-369,"대청 방면6-1, B5-B4",B5-B4
256,3,학여울,외부#1,0105-142,"1번 출구 측, B4-B2-B1-1F",B4-B2-B1-1F
257,3,대청,내부#1,0035-268,"학여울 방면4-4, B3-B2",B3-B2
258,3,대청,내부#2,0035-267,"일원 방면7-1, B3-B2",B3-B2
259,3,대청,외부#1,0035-266,"8번 출구 측, B2-1F",B2-1F
260,3,일원,내부#1,0035-326,"대청 방면6-3, B3-B2",B3-B2
261,3,일원,내부#2,0035-327,"수서 방면5-2, B3-B2",B3-B2
262,3,일원,외부#2,0125-974,"1번 출구 측, B2-1F",B2-1F
263,3,일원,외부#3,0125-975,"1번 출구 측, B2-1F",B2-1F
264,3,수서,내부#1,0033-206,"일원 방면8-3, B2-B1",B2-B1
265,3,수서,내부#2,0033-205,"가락시장 방면3-2, B2-B1",B2-B1
266,3,수서,외부#1,0033-203,"1번 출구 측, B1-1F",B1-1F
267,3,수서,외부#2,0115-093,"5번 출구 측, B1-1F",B1-1F
268,3,가락시장,내부#1,0100-025,"수서 방면8-2, B4-B3-B2",B4-B3-B2
269,3,가락시장,내부#2,0100-026,"경찰병원 방면3-2, B4-B3-B2",B4-B3-B2
270,3,가락시장,외부#1,0100-027,"7번 출구 측, B2-B1-1F",B2-B1-1F
271,3,경찰병원,내부#1,0099-889,"가락시장 방면4-2, B3-B1",B3-B1
272,3,경찰병원,내부#2,0099-890,"오금 방면 7-3, B3-B1",B3-B1
273,3,경찰병원,외부#1,0099-887,"1번 출구 측, B1-1F",B1-1F
274,3,경찰병원,외부#2,0099-888,"3번 출구 측, B1-1F",B1-1F
275,3,오금,내부#1,0099-955,"경찰병원 방면5-1, B4-B3-B1",B4-B3-B1
276,3,오금,내부#2,0099-956,"오금 방면6-4, B4-B3-B1",B4-B3-B1
277,3,오금,외부#1,0099-957,"1번 출구 측, B1-1F",B1-1F
278,4,당고개,내부#1,0085-251,"별내별가람 방면6-1, 2F-3F",2F-3F
279,4,당고개,내부#2,0085-252,"상계 방면5-4, 2F-3F",2F-3F
280,4,당고개,외부#1,0085-253,"1번 출구 측, 1F-2F",1F-2F
281,4,상계,외부#1,0085-254,"대합실(1,2번 출구 사이), 1F-2F",1F-2F
282,4,노원,내부#1,0085-261,"상계 방면8-4, 2F-3F",2F-3F
283,4,노원,내부#2,0085-262,"창동 방면3-1, 2F-3F",2F-3F
284,4,노원,외부#1,0095-391,"2번 출구 측, 1F-2F",1F-2F
285,4,노원,외부#2,0086-473,"9번 출구 측, 1F-2F",1F-2F
286,4,창동,내부#1,0125-524,"노원 방면2-4, 2F-3F",2F-3F
287,4,창동,내부#2,0125-527,"노원 방면8-2, 2F-3F",2F-3F
288,4,창동,내부#3,0125-526,"쌍문 방면8-4, 2F-3F",2F-3F
289,4,창동,내부#4,0125-525,"쌍문 방면3-2, 2F-3F",2F-3F
290,4,창동,외부#1,0028-004,"1번 출구 측, 1F-2F",1F-2F
291,4,창동,외부#2,0028-005,"2번 출구 측, 1F-2F",1F-2F
292,4,쌍문,내부#1,0085-219,"창동 방면8-2, B2-B1",B2-B1
293,4,쌍문,내부#2,0085-220,"수유 방면3-4, B2-B1",B2-B1
294,4,쌍문,외부#1,0028-002,"1번 출구 측, B1-1F",B1-1F
295,4,수유,내부#1,0085-196,"쌍문 방면7-1, B2-B1",B2-B1
296,4,수유,내부#2,0085-197,"미아 방면4-4, B2-B1",B2-B1
297,4,수유,외부#1,0019-375,"1,2번 출구 사이, B1-1F",B1-1F
298,4,미아,내부#1,0085-194,"수유 방면8-2, B2-B1",B2-B1
299,4,미아,내부#2,0085-195,"미아사거리 방면3-4, B2-B1",B2-B1
300,4,미아,외부#1,0019-374,"1,2번 출구 사이, B1-1F",B1-1F
301,4,미아사거리,내부#1,0019-373,"미아 방면3-1, B2-B1",B2-B1
302,4,미아사거리,내부#2,0019-372,"길음 방면8-3, B2-B1",B2-B1
303,4,길음,내부#1,0055-620,"미아사거리 방면6-1, B2-B1",B2-B1
304,4,길음,외부#1,0055-621,"5번 출구 측, B1-1F",B1-1F
305,4,길음,외부#2,0028-290,"4번 출구 측, B1-1F",B1-1F
306,4,성신여대입구,내부#1,0055-622,"길음 방면8-2, B2-B1",B2-B1
307,4,성신여대입구,내부#2,0055-623,"한성대입구 방면3-4, B2-B1",B2-B1
308,4,성신여대입구,외부#1,0056-491,"2번 출구 측, B1-1F",B1-1F
309,4,성신여대입구,외부#2,0028-003,"3번 출구 측, B1-1F",B1-1F
310,4,한성대입구,내부#1,0055-618,"성신여대입구 방면6-1, B2-B1",B2-B1
311,4,한성대입구,외부#1,0055-619,"3,4번 출구 사이, B1-1F",B1-1F
312,4,한성대입구,외부#2,0095-380,"5번 출구 측, B1-1F",B1-1F
313,4,혜화,내부#1,0000-911,"한성대입구 방면7-4, B2-B1",B2-B1
314,4,혜화,내부#2,0000-910,"동대문(4) 방면3-4, B2-B1",B2-B1
315,4,혜화,외부#1,0000-908,"2번 출구 측, B1-1F",B1-1F
316,4,혜화,외부#2,0000-909,"3번 출구 측, B1-1F",B1-1F
317,4,동대문,내부#1,0000-523,"혜화 방면6-3, B4-B1",B4-B1
318,4,동대문,외부#1,0000-524,"9번 출구 측, B1-1F",B1-1F
319,4,동대문역사문화공원,내부#1,0039-975,"동대문(4) 방면4-4, B3-B1",B3-B1
320,4,동대문역사문화공원,외부#1,0158-131,"4번 출구 측, B1-1F",B1-1F
321,4,충무로,내부#1,0003-715,"동대문역사문화공원 방면8-1, B3-B1",B3-B1
322,4,충무로,내부#2,0003-714,"명동 방면3-3, B3-B1",B3-B1
323,4,충무로,내부#3,0152-338,"대합실(B3), B4-B2",B4-B2
324,4,충무로,외부#1,0040-481,"7번 출구 측, B1-1F",B1-1F
325,4,명동,외부#1,0111-744,"1번 출구 측, B1-1F",B1-1F
326,4,명동,내부#1,0152-514,"대합실, B4-B1",B4-B1
327,4,회현,내부#1,0003-716,"명동 방면10-1, B4-B2-B1",B4-B2-B1
328,4,회현,외부#1,0120-838,"3,4,5번 출구 중심, B1-1F",B1-1F
329,4,서울역,내부#1,0003-773,"회현 방면9-1, B2-B1",B2-B1
330,4,서울역,외부#1,0040-482,"12번 출구 측, B1-1F",B1-1F
331,4,숙대입구,내부#1,0003-771,"서울역(4) 방면8-1, B2-B1",B2-B1
332,4,숙대입구,내부#2,0003-772,"삼각지 방면3-3, B2-B1",B2-B1
333,4,숙대입구,외부#1,0102-480,"10번 출구 측, B1-1F",B1-1F
334,4,삼각지,내부#1,0051-245,"숙대입구 방면4-3, B2-B1",B2-B1
335,4,삼각지,내부#2,0051-246,"신용산 방면7-2, B2-B1",B2-B1
336,4,삼각지,외부#1,0073-386,"1,2번 출구 측, B1-1F",B1-1F
337,4,삼각지,외부#2,0073-707,"5,6번 출구 측, B1-1F",B1-1F
338,4,삼각지,외부#3,0136-819,"3번 출구 측, B1-1F",B1-1F
339,4,신용산,내부#1,0102-379,"삼각지 방면8-2, B2-B1",B2-B1
340,4,신용산,내부#2,0102-380,"이촌 방면3-2, B2-B1",B2-B1
341,4,신용산,외부#1,0127-849,"1번 출구 측, B2-1F",B2-1F
342,4,신용산,외부#2,0120-390,"4번 출구 측, B1-1F",B1-1F
343,4,이촌,내부#1,0003-769,"신용산 방면8-1, B2-B1",B2-B1
344,4,이촌,내부#2,0003-770,"동작 방면3-3, B2-B1",B2-B1
345,4,이촌,외부#1,0102-381,"1번 출구 측, B1-1F",B1-1F
346,4,이촌,외부#2,0084-010,"2번 출구 측, B1-1F",B1-1F
347,4,이촌,내부#3,0152-758,"환승통로, B1-1F",B1-1F
348,4,동작,내부#1,0097-625,"이촌 방면7-4, 2F-3F",2F-3F
349,4,동작,내부#2,0031-516,"총신대입구 방면4-4, 1F-2F-3F",1F-2F-3F
350,4,총신대입구,내부#1,0031-512,"동작 방면7-3, B2-B1",B2-B1
351,4,총신대입구,내부#2,0031-513,"사당(4) 방면8-3, B2-B1",B2-B1
352,4,총신대입구,외부#1,0110-215,"1번 출구 측, B1-1F",B1-1F
353,4,총신대입구,외부#2,0031-515,"14번 출구 측, B1-1F",B1-1F
354,4,사당,내부#1,0097-112,"총신대입구 방면9-2, B3-B2-B1",B3-B2-B1
355,4,사당,외부#1,0031-517,"9,10번 출구 사이, B1-1F",B1-1F
356,4,남태령,내부#1,0099-926,"사당 방면3-3, B3-B2",B3-B2
357,4,남태령,내부#2,0099-927,"1번 출구 측, B2-B1",B2-B1
358,4,남태령,외부#1,0099-928,"2번 출구 측, B1-1F",B1-1F
359,5,방화,1,0097-206,"방화 방면4-4, B2-B1",B2-B1
360,5,방화,2,0097-207,"개화산 방면4-4, B2-B1",B2-B1
361,5,방화,3,0031-396,"2번 출구 측, B1-1F",B1-1F
362,5,개화산,1,0059-336,"1번 출구 측(대합실 내), B2-1F",B2-1F
363,5,개화산,2,0059-337,"2번 출구 측(대합실 내), B2-1F",B2-1F
364,5,김포공항,1,0091-364,"개화산 방면6-3, B3-B2",B3-B2
365,5,김포공항,2,0091-365,"송정 방면3-1, B3-B2",B3-B2
366,5,송정,1,0097-632,"마곡 방면4-4, B3-B2",B3-B2
367,5,송정,2,0097-633,"김포공항 방면4-4, B3-B2",B3-B2
368,5,송정,3,0097-634,"2번 출구 측, B2-1F",B2-1F
369,5,송정,4,0097-635,"3번 출구 측, B1-1F",B1-1F
370,5,마곡,1,0059-348,"발산 방면5-1, B2-B1",B2-B1
371,5,마곡,2,0059-349,"송정 방면5-1, B2-B1",B2-B1
372,5,마곡,3,0059-350,"1번 출구 측, B1-1F",B1-1F
373,5,마곡,4,0115-890,"6,7번 출구 사이, B1-1F",B1-1F
374,5,마곡,5,0144-531,"3번 출구 측, B1-1F",B1-1F
375,5,마곡,6,0144-546,"4,5번 출구 사이, B1-1F",B1-1F
376,5,발산,1,0097-201,"송정 방면5-1, B2-B1",B2-B1
377,5,발산,2,0097-202,"우장산 방면4-3, B2-B1",B2-B1
378,5,발산,3,0097-203,"7번 출구 측, B1-1F",B1-1F
379,5,우장산,1,0059-338,"발산 방면4-2, B2-B1",B2-B1
380,5,우장산,2,0059-339,"화곡 방면5-3, B2-B1",B2-B1
381,5,우장산,3,0059-340,"1번 출구 측, B1-1F",B1-1F
382,5,화곡,1,0073-248,"까치산 방면4-3, B2-B1",B2-B1
383,5,화곡,2,0031-395,"2번 출구 측, B1-1F",B1-1F
384,5,까치산,2,0141-779,"고객안전실 측, B1-1F",B1-1F
385,5,까치산,1,0061-703,"대합실(지하4층 화장실), B4-B1",B4-B1
386,5,신정,1,0097-211,"까치산 방면1-1, B3-B2",B3-B2
387,5,신정,2,0097-212,"목동 방면1-4, B3-B2",B3-B2
388,5,목동,1,0059-308,"신정 방면5-1, B2-B1",B2-B1
389,5,목동,2,0059-309,"오목교 방면4-4, B2-B1",B2-B1
390,5,목동,3,0031-394,"5번 출구 측, B1-1F",B1-1F
391,5,오목교,1,0059-198,"목동 방면7-1, B3-B1",B3-B1
392,5,오목교,2,0058-164,"양평 방면2-4, B3-B1",B3-B1
393,5,오목교,3,0059-199,"7번 출구 측, B1-1F",B1-1F
394,5,양평,1,0059-371,"오목교 방면3-2, B5-B1",B5-B1
395,5,양평,2,0059-372,"영등포구청 방면6-3, B5-B4",B5-B4
396,5,양평,3,0097-663,"2번 출구 측, B1-1F",B1-1F
397,5,영등포구청,1,0097-661,"6,7번 출구 사이(공영주차장입구), B5-1F",B5-1F
398,5,영등포구청,2,0097-662,"영등포시장 방면5-4, B5-B4",B5-B4
399,5,영등포구청,3,0109-790,"양평 방면8-4, B5-B4",B5-B4
400,5,영등포구청,4,0149-121,"영등포시장 방면1-1, B5-B4",B5-B4
401,5,영등포시장,1,0059-374,"영등포구청 방면4-3, B6-B5",B6-B5
402,5,영등포시장,2,0059-373,"신길 방면5-2, B6-B1",B6-B1
403,5,영등포시장,3,0148-101,"2번 출구 측, B1-1F",B1-1F
404,5,신길,1,0031-300,"영등포시장 방면5-3, B4-B3",B4-B3
405,5,신길,2,0031-312,"여의도 방면4-2, B4-B3",B4-B3
406,5,신길,3,0031-311,"3번 출구 측, B2-1F",B2-1F
407,5,신길,4,0109-789,"여의도 방면1-1, B4-B3",B4-B3
408,5,신길,5,0140-313,"영등포시장 방면8-4, B4-B3",B4-B3
409,5,신길,6,0143-173,"환승통로(1호선), B3-B1",B3-B1
410,5,여의도,1,0058-165,"신길 방면6-4, B4-B1",B4-B1
411,5,여의도,2,0021-285,"여의나루 방면6-4, B4-B1",B4-B1
412,5,여의나루,1,0097-671,"여의도 방면6-2, 마포 방면3-3, B5-B1",B5-B1
413,5,여의나루,2,0097-673,"대합실(지하2층), B1-BM",B1-BM
414,5,여의나루,3,0097-672,"4번 출구 측, BM-1F",BM-1F
415,5,마포,1,0040-716,"여의나루 방면5-1, 공덕 방면4-4, B5-B1",B5-B1
416,5,마포,2,0040-717,"2번 출구 측, B1-1F",B1-1F
417,5,공덕,1,0102-136,"환승통로(6호선), B3-B1",B3-B1
418,5,공덕,2,0102-137,"2번 출구 측, B1-1F",B1-1F
419,5,애오개,1,0102-183,"공덕 방면4-4, B4-B3",B4-B3
420,5,애오개,2,0102-184,"충정로 방면5-1, B4-B3",B4-B3
421,5,애오개,3,0102-185,"대합실(지하3층), B3-B1",B3-B1
422,5,애오개,4,0040-267,"2번 출구 측, B1-1F",B1-1F
423,5,애오개,5,0051-370,"3번 출구 측, B1-1F",B1-1F
424,5,충정로,1,0040-426,"애오개 방면3-3, 서대문 방면6-2, B5-B2-B1",B5-B2-B1
425,5,충정로,2,0102-186,"8번 출구 측, B1-1F",B1-1F
426,5,서대문,1,0000-441,"충정로 방면3-2, 광화문 방면6-3, B4-B1",B4-B1
427,5,서대문,2,0000-442,"2번 출구 측, B1-1F",B1-1F
428,5,서대문,3,0000-443,"5,6번 출구 사이, BM-1F",BM-1F
429,5,광화문,1,0000-732,"서대문 방면1-1, 종로3가 방면8-4, B2-B1-1F",B2-B1-1F
430,5,광화문,2,0139-079,"8번 출구 측, B4-B2",B4-B2
431,5,종로3가,1,0114-148,"환승통로(1,3호선), B4-B1",B4-B1
432,5,을지로4가,1,0113-923,"환승통로(2호선 시청방향), B5-B1",B5-B1
433,5,동대문역사문화공원,1,0103-496,"대합실(6,7번 출구 사이), B4-B1",B4-B1
434,5,동대문역사문화공원,2,0113-922,"환승통로(2,4호선), B5-B1",B5-B1
435,5,신금호,1,0102-334,"청구 방면1-2, 행당 방면8-3, B8-B2",B8-B2
436,5,신금호,2,0102-335,"청구 방면1-2, 행당 방면8-3, B8-B2",B8-B2
437,5,신금호,3,0102-619,"고개안전실 측(지하2층), B2-B1-1F",B2-B1-1F
438,5,행당,1,0103-811,"신금호 방면4-4, B5-B4-B3",B5-B4-B3
439,5,행당,2,0103-812,"왕십리 방면5-1, B5-B4",B5-B4
440,5,행당,3,0040-489,"3번 출구 측, B3-1F",B3-1F
441,5,왕십리,1,2133-670,"4번 출구 측, B4-1F",B4-1F
442,5,왕십리,2,0103-813,"행당 방면3-3, B5-B4",B5-B4
443,5,왕십리,3,0103-814,"마장 방면6-2, B5-B4",B5-B4
444,5,마장,1,0103-825,"왕십리 방면4-4, B3-B2",B3-B2
445,5,마장,2,0103-826,"답십리 방면5-1, B3-B2",B3-B2
446,5,마장,3,0124-543,"2번 출구 측, B2-1F",B2-1F
447,5,답십리,1,0104-440,"마장 방면4-4, B3-B2",B3-B2
448,5,답십리,2,0104-441,"장한평 방면5-1, B3-B2",B3-B2
449,5,답십리,3,0039-063,"2번 출구 측, B2-1F",B2-1F
450,5,답십리,4,0104-442,"6번 출구 측, B2-1F",B2-1F
451,5,장한평,1,0028-329,"답십리 방면4-2, 군자 방면5-2, B3-B2",B3-B2
452,5,장한평,2,0028-330,"7,8번 출구 사이, B2-1F",B2-1F
453,5,장한평,3,0084-228,"1번 출구 측, B2-1F",B2-1F
454,5,군자,1,0028-991,"장한평 방면5-3, 아차산 방면4-1, B3-B2-B1",B3-B2-B1
455,5,군자,2,0028-260,"장한평 방면4-3, 아차산 방면5-1, B3-B2-B1",B3-B2-B1
456,5,군자,3,0094-110,"4번 출구 측, B1-1F",B1-1F
457,5,아차산,1,0027-016,"군자 방면6-1, B3-B2-B1",B3-B2-B1
458,5,아차산,2,0028-339,"광나루 방면3-4, B3-B2-B1",B3-B2-B1
459,5,아차산,3,0094-109,"3번 출구 측, B1-1F",B1-1F
460,5,광나루,1,0028-404,"아차산 방면5-1, B3-B2",B3-B2
461,5,광나루,2,0028-405,"천호 방면4-4, B3-B2",B3-B2
462,5,광나루,3,0028-406,"1번 출구 측, B2-1F",B2-1F
463,5,광나루,4,0093-984,"3번 출구 측, B1-1F",B1-1F
464,5,천호,1,0066-068,"6,7번 출구 사이, BM-1F",BM-1F
465,5,천호,2,0045-888,"광나루 방면4-4, B3-B1",B3-B1
466,5,천호,3,0112-626,"광나루 방면6-1, B3-B2",B3-B2
467,5,천호,4,0075-646,"강동 방면3-4, B3-B2",B3-B2
468,5,강동,1,0078-217,"둔촌동 방면8-3, B4-B3",B4-B3
469,5,강동,2,0012-496,"1번 출구 측, B3-1F",B3-1F
470,5,길동,1,0008-835,"강동 방면5-1, B3-B2",B3-B2
471,5,길동,2,0008-836,"굽은다리 방면4-4, B3-B2",B3-B2
472,5,길동,3,0077-502,"대합실(B2-B1), BM2-B1",BM2-B1
473,5,굽은다리,1,0011-271,"길동 방면6-3, B2-B1",B2-B1
474,5,굽은다리,2,0011-272,"명일 방면3-2, 3-3 사이, B2-B1",B2-B1
475,5,굽은다리,3,0011-273,"2번 출구 측, B1-1F",B1-1F
476,5,명일,1,0008-833,"굽은다리 방면5-2, B2-B1",B2-B1
477,5,명일,2,0008-834,"고덕 방면4-3, 4-4 사이, B2-B1",B2-B1
478,5,명일,3,0089-691,"3,4번 출구 사이, B1-1F",B1-1F
479,5,고덕,1,0012-583,"명일 방면4-1, B2-B1",B2-B1
480,5,고덕,2,0056-958,"상일동 방면6-1, B2-B1",B2-B1
481,5,고덕,3,0077-286,"2번 출구 측(역사 화장실 앞), B1-1F",B1-1F
482,5,고덕,4,0056-959,"4,5번 출구 사이, B1-1F",B1-1F
483,5,상일동,1,0137-763,"1,2번 출구 사이, B2-1F",B2-1F
484,5,상일동,2,0137-764,"3,4번 출구 사이, B2-1F",B2-1F
485,5,상일동,3,0148-849,"5,6번 출구 사이, B1-1F",B1-1F
486,5,상일동,4,0148-785,"7,8번 출구 사이, B2-1F",B2-1F
487,5,강일,1,0140-721,"상일동 방면1-2, B3-B2",B3-B2
488,5,강일,2,0140-722,"미사 방면8-3, B3-B2",B3-B2
489,5,강일,3,0140-723,"상일동 방면8-3, B3-B1",B3-B1
490,5,강일,4,0140-724,"미사 방면1-2, B3-B1",B3-B1
491,5,강일,5,0140-807,"1번 출구 측, B2-1F",B2-1F
492,5,강일,6,0157-507,"2번 출구 측, B2-1F",B2-1F
493,5,강일,7,0140-808,"3번 출구 측, B2-1F",B2-1F
494,5,강일,8,0140-809,"4번 출구 측, B2-1F",B2-1F
495,5,미사,1,2231-268,"강일 방면5-1, B2-B1",B2-B1
496,5,미사,2,2231-269,"하남풍산 방면5-1, B2-B1",B2-B1
497,5,미사,3,2231-270,"1번 출구 측, B1-1F",B1-1F
498,5,미사,4,2231-271,"6번 출구 측, B1-1F",B1-1F
499,5,하남풍산,1,2229-180,"미사 방면4-4, B2-B1",B2-B1
500,5,하남풍산,2,2229-179,"하남시청 방면5-1, B2-B1",B2-B1
501,5,하남풍산,3,2229-181,"1번 출구 측, 1F-2F",1F-2F
502,5,하남풍산,4,2229-182,"5번 출구 측, B1-1F",B1-1F
503,5,하남풍산,5,2229-183,"7번 출구 측, B1-1F",B1-1F
504,5,하남시청,1,2234-916,"하남풍산 방면5-1, B3-B2",B3-B2
505,5,하남시청,2,2234-917,"하남검단산 방면5-1, B3-B2",B3-B2
506,5,하남시청,3,2234-918,"3번 출구 측, B2-1F",B2-1F
507,5,하남시청,4,2234-919,"5,6번 출구 사이, B2-1F",B2-1F
508,5,하남검단산,1,2231-985,"하남시청 방면4-3, B3-B1",B3-B1
509,5,하남검단산,2,2231-986,"하남검단산 방면5-3, B3-B1",B3-B1
510,5,하남검단산,3,2231-987,"1,2번 출구 사이, B1-1F",B1-1F
511,5,하남검단산,4,2231-988,"4번 출구 측, B1-1F",B1-1F
512,5,둔촌동,1,0011-274,"강동 방면5-1, B2-B1",B2-B1
513,5,둔촌동,2,0011-275,"올림픽공원 방면5-1, B2-B1",B2-B1
514,5,둔촌동,3,0008-837,"3,4번 출구 사이, B1-1F",B1-1F
515,5,올림픽공원,1,0077-287,"둔촌동 방면3-2, B3-B2",B3-B2
516,5,올림픽공원,2,0077-288,"방이 방면6-3, B3-B2",B3-B2
517,5,올림픽공원,4,0087-506,"2번 출구 측, B2-1F",B2-1F
518,5,방이,1,0087-288,"올림픽공원 방면4-4, B2-B1",B2-B1
519,5,방이,2,0087-289,"방이 방면5-1, B2-B1",B2-B1
520,5,방이,3,0087-214,"3번 출구 측, B1-1F",B1-1F
521,5,방이,4,0088-071,"1번 출구 측, B1-1F",B1-1F
522,5,오금,1,0011-361,"방이 방면4-4, B2-B1",B2-B1
523,5,오금,2,0011-362,"개롱 방면5-1, B2-B1",B2-B1
524,5,오금,3,0078-506,"환승통로(방화 방면), B3-B2",B3-B2
525,5,오금,4,0078-507,"환승통로(마천 방면), B3-B2",B3-B2
526,5,오금,5,0078-508,"5번 출구 측, B1-1F",B1-1F
527,5,개롱,1,0065-940,"오금 방면5-1, B2-B1",B2-B1
528,5,개롱,2,0065-910,"거여 방면4-4, B2-B1",B2-B1
529,5,개롱,3,0078-214,"3,4번 출구 사이, B1-1F",B1-1F
530,5,거여,1,0089-595,"개롱 방면6-2, B2-B1",B2-B1
531,5,거여,2,0011-364,"마천 방면3-2, B2-B1",B2-B1
532,5,거여,3,0078-211,"2번 출구 측, B1-1F",B1-1F
533,5,마천,1,0009-741,"마천 방면5-2, B4-B2",B4-B2
534,5,마천,2,0155-881,"거여 방면4-3, B4-B1",B4-B1
535,6,응암,1,0040-053,"구산 방면5-2, B2-B1",B2-B1
536,6,응암,2,0073-334,"4번 출구 측, B1-1F",B1-1F
537,6,역촌,1,0104-827,"응암 방면4-2, B4-B1",B4-B1
538,6,역촌,2,0042-692,"4번 출구 측, B1-1F",B1-1F
539,6,불광,1,0039-061,"역촌 방면 2-3, B4-B1",B4-B1
540,6,불광,2,0039-062,"역촌 방면 7-2, B4-B1",B4-B1
541,6,불광,3,0042-691,"8번 출구 측, B1-1F",B1-1F
542,6,독바위,1,0040-274,"연신내 방면3-2, B6-B1",B6-B1
543,6,독바위,2,0042-697,"1번 출구 측, B1-1F",B1-1F
544,6,연신내,1,0102-709,"구산 방면6-2, B5-B1",B5-B1
545,6,연신내,2,0102-710,"6번 출구 측, B1-1F",B1-1F
546,6,구산,1,0040-487,"4번 출구 측, B1-1F",B1-1F
547,6,새절,1,0042-689,"응암 방면5-4, B2-B1",B2-B1
548,6,새절,2,0042-690,"1번 출구 측, B1-1F",B1-1F
549,6,증산,1,0042-852,"새절 방면5-1, B2-B1",B2-B1
550,6,증산,2,0042-853,"디지털미디어시티 방면4-3, B2-B1",B2-B1
551,6,증산,3,0042-854,"2번 출구 측, B1-1F",B1-1F
552,6,디지털미디어시티,1,0102-251,"증산 방면3-4, B2-B1",B2-B1
553,6,디지털미디어시티,2,0102-252,"월드컵경기장 방면8-4, B2-B1",B2-B1
554,6,디지털미디어시티,3,0102-253,"4번 출구 측, B1-1F",B1-1F
555,6,월드컵경기장,1,0104-771,"디지털미디어시티 방면4-4, B3-B2",B3-B2
556,6,월드컵경기장,2,0104-772,"마포구청 방면4-4, B3-B2",B3-B2
557,6,월드컵경기장,3,0104-773,"2번 출구 측, B2-1F",B2-1F
558,6,마포구청,1,0007-233,"월드컵경기장 방면1-1, B3-B2",B3-B2
559,6,마포구청,2,0007-234,"망원 방면8-4, B3-B2",B3-B2
560,6,마포구청,3,0015-263,"8번 출구 측, B2-1F",B2-1F
561,6,마포구청,4,0070-790,"2번 출구 측, B2-1F",B2-1F
562,6,망원,1,0040-055,"마포구청 방면5-1, B2-B1",B2-B1
563,6,망원,2,0040-054,"2번 출구 측, 합정 방면4-4, B2-B1-1F",B2-B1-1F
564,6,합정,1,0039-041,"망원 방면4-2, B4-B1",B4-B1
565,6,합정,2,0039-042,"상수 방면6-2, B4-B3",B4-B3
566,6,합정,3,0039-043,"6번 출구 측, B1-1F",B1-1F
567,6,상수,1,0102-308,"합정 방면4-4, 광흥창 방면5-1, B3-B2",B3-B2
568,6,상수,2,0143-822,"3번 출구 측, B1-1F",B1-1F
569,6,상수,3,0150-002,"대합실, B2-B1",B2-B1
570,6,광흥창,1,0039-039,"1번 출구 측, B2-1F",B2-1F
571,6,광흥창,2,0039-040,"상수 방면1-2, 대흥 방면8-3, B3-B2",B3-B2
572,6,광흥창,3,0007-065,"4번 출구 측, B1-1F",B1-1F
573,6,대흥,1,0042-659,"광흥창 방면4-4, 공덕 방면5-1, B3-B2",B3-B2
574,6,대흥,2,0104-289,"대합실, B2-B1",B2-B1
575,6,공덕,1,0015-040,"대흥 방면4-4, B2-B1",B2-B1
576,6,공덕,2,0004-354,"효창공원 방면4-4, B2-B1",B2-B1
577,6,공덕,3,0004-355,"5번 출구 측, B1-1F",B1-1F
578,6,공덕,4,0104-290,"환승통로, B3-B2",B3-B2
579,6,공덕,5,0104-340,"환승통로, B3-B2",B3-B2
580,6,효창공원앞,1,0042-657,"공덕 방면5-3, 삼각지 방면4-2, B3-B2",B3-B2
581,6,효창공원앞,2,0042-658,"대합실, B2-B1",B2-B1
582,6,삼각지,1,0104-719,"효창공원앞 방면1-1, B4-B3",B4-B3
583,6,삼각지,2,0041-875,"녹사평 방면8-4, B4-B3",B4-B3
584,6,삼각지,3,0104-720,"8번 출구 측, B3-1F",B3-1F
585,6,삼각지,4,0041-877,"12번 출구 측, B3-1F",B3-1F
586,6,삼각지,5,0103-579,"환승통로, B4-B3",B4-B3
587,6,녹사평,1,0082-691,"삼각지 방면4-3, 이태원 방면5-1, B5-B4",B5-B4
588,6,녹사평,2,0082-692,"대합실, B4-B2",B4-B2
589,6,녹사평,3,0082-693,"3번 출구 측, B2-B1-1F",B2-B1-1F
590,6,이태원,1,0103-976,"녹사평 방면3-1, 한강진 방면6-3, B5-B1",B5-B1
591,6,이태원,2,0040-056,"2번 출구 측, B1-1F",B1-1F
592,6,한강진,1,0102-206,"이태원 방면5-2, B4-B3",B4-B3
593,6,한강진,2,0102-207,"버티고개 방면4-2, B4-B1",B4-B1
594,6,한강진,3,0041-868,"3번 출구 측, B1-1F",B1-1F
595,6,버티고개,1,0102-203,"한강진 방면5-3, B3-B2",B3-B2
596,6,버티고개,2,0102-204,"약수 방면4-2, B2-B1",B2-B1
597,6,버티고개,3,0102-205,"대합실, B4-B3",B4-B3
598,6,버티고개,4,0102-097,"대합실, B4-B3",B4-B3
599,6,버티고개,5,0041-895,"2번 출구 측, B1-1F",B1-1F
600,6,약수,1,0103-977,"버티고개 방면5-1, B3-B2",B3-B2
601,6,약수,2,0103-978,"청구 방면4-4, B3-B2",B3-B2
602,6,약수,3,0103-979,"버티고개 방면6-1, B3-B2-B1",B3-B2-B1
603,6,약수,4,0113-921 ,"대합실, B2-B1",B2-B1
604,6,청구,1,0104-443,"신금호 방면5-3, 동대문역사문화공원 방면4-1, B4-B3",B4-B3
605,6,청구,2,0104-444,"대합실, B3-B2-B1",B3-B2-B1
606,6,청구,3,0104-445,"대합실, B3-B2-B1",B3-B2-B1
607,6,청구,4,0104-446,"3번 출구 측, B1-1F",B1-1F
608,6,청구,5,0074-257,"1번 출구 측, B1-1F",B1-1F
609,6,신당,1,0103-494,"청구 방면5-3, 동묘앞 방면4-2, B3-B1",B3-B1
610,6,동묘앞,1,0000-962,"신당 방면5-3, 창신 방면4-2, B3-B2",B3-B2
611,6,동묘앞,2,0000-963,"신당 방면8-4, 창신 방면1-1, B3-B2",B3-B2
612,6,창신,1,0002-280,"동묘앞 방면4-2, 보문 방면5-3, B4-B1",B4-B1
613,6,창신,2,0000-959,"3,4번 출구 사이, B1-1F",B1-1F
614,6,창신,3,0125-798,"2번 출구 측, B1-1F",B1-1F
615,6,보문,1,0049-838,"창신 방면4-4 , 안암 방면5-1, B3-B2",B3-B2
616,6,안암,1,0028-813,"보문 방면5-2, B3-B2",B3-B2
617,6,안암,2,0028-814,"고려대 방면4-3, B3-B2",B3-B2
618,6,안암,3,0028-815,"1번 출구 측, B2-1F",B2-1F
619,6,고려대,1,0019-339,"안암 방면6-2, B4-B1",B4-B1
620,6,고려대,2,0053-247,"월곡 방면3-2, B4-B1",B4-B1
621,6,고려대,3,0019-340,"1번 출구 측, B1-1F",B1-1F
622,6,고려대,4,0053-248,"3,4번 출구 사이, B1-1F",B1-1F
623,6,월곡,1,0044-187,"고려대 방면4-4, B3-B2",B3-B2
624,6,월곡,2,0044-188,"상월곡 방면4-4, B3-B2",B3-B2
625,6,월곡,3,0028-819,"1,5번 출구 사이, B2-1F",B2-1F
626,6,상월곡,1,0027-999,"4번 출구 측, B2-1F",B2-1F
627,6,돌곶이,1,0054-295,"상월곡 방면4-4, B2-B1",B2-B1
628,6,돌곶이,2,0054-296,"석계 방면4-4, B2-B1",B2-B1
629,6,돌곶이,3,0044-225,"3번 출구 측, B1-1F",B1-1F
630,6,석계,1,0057-328,"돌곶이 방면3-3, B3-B2",B3-B2
631,6,석계,2,0055-103,"태릉입구 방면6-2, B3-B2",B3-B2
632,6,석계,3,0057-329,"1번 출구 측, B2-B1-1F",B2-B1-1F
633,6,석계,4,0055-102,"4번 출구 측, B2-B1-1F",B2-B1-1F
634,6,태릉입구,1,0019-107,"석계 방면5-3, B2-B1",B2-B1
635,6,태릉입구,2,0015-897,"화랑대 방면3-4, B2-B1",B2-B1
636,6,태릉입구,3,0015-898,"8번 출구 측, B1-1F",B1-1F
637,6,태릉입구,4,0113-359,"6번 출구 측, B1-1F",B1-1F
638,6,화랑대,1,0057-151,"태릉입구 방면5-4, B2-B1",B2-B1
639,6,화랑대,2,0057-152,"봉화산 방면4-1, B2-B1",B2-B1
640,6,화랑대,3,0057-153,"1번 출구 측, B1-1F",B1-1F
641,6,화랑대,4,0094-425,"7번 출구 측, B1-1F",B1-1F
642,6,봉화산,1,0054-819,"2번 출구 측, B1-1F",B1-1F
643,6,봉화산,2,0094-606,"4번 출구 측, B1-1F",B1-1F
644,6,신내,1,0136-697,"신내, 봉화산 방면8-3, 1F-2F",1F-2F
645,7,장암,1,2064-681,"1번 출구 측, 1F-2F",1F-2F
646,7,장암,2,2064-682,"1번 출구 측, 1F-2F",1F-2F
647,7,도봉산,1,0053-189,"장암 방면7-2, 1F-2F",1F-2F
648,7,도봉산,2,0053-190,"수락산 방면2-3, 1F-2F",1F-2F
649,7,도봉산,3,0085-381,"장암 방면3-4, 1F-2F",1F-2F
650,7,도봉산,4,0085-291,"수락산 방면4-2, 1F-2F",1F-2F
651,7,도봉산,5,0135-003,"1-1번 출구 측, B1-1F",B1-1F
652,7,수락산,1,0053-324,"1번 출구 측, B2-1F",B2-1F
653,7,마들,1,0017-182,"수락산 방면8-4, 노원 방면1-1 , B3-B1",B3-B1
654,7,마들,2,0053-180,"5번 출구 측, B1-1F",B1-1F
655,7,마들,3,0085-028,"4번 출구 측, B1-1F",B1-1F
656,7,마들,4,0085-029,"2번 출구 측, B1-1F",B1-1F
657,7,노원,1,0086-703,"마들 방면4-4, 중계 방면4-3, B3-B2-B1",B3-B2-B1
658,7,노원,2,0018-585,"3번 출구 측, B1-1F",B1-1F
659,7,노원,3,0094-686,"6번 출구 측, B1-1F",B1-1F
660,7,노원,4,0153-124,"5번 출구 측, B1-1F",B1-1F
661,7,중계,1,0015-704,"노원 방면5-1, 하계 방면4-4, B3-B2",B3-B2
662,7,중계,2,0019-485,"5번 출구 측, B2-1F",B2-1F
663,7,중계,3,0015-997,"3번 출구 측, B2-B1-1F",B2-B1-1F
664,7,하계,2,0017-579,"중계 방면4-4, 공릉 방면5-1, B3-B2-B1",B3-B2-B1
665,7,하계,3,0056-263,"1번 출구 측, B1-1F",B1-1F
666,7,하계,4,0085-031,"6번 출구 측, B1-1F",B1-1F
667,7,공릉,1,0015-705,"하계 방면8-4, B4-B2",B4-B2
668,7,공릉,2,0015-706,"태릉입구 방면1-1, B4-B1",B4-B1
669,7,공릉,3,0015-998,"2번 출구 측, B1-1F",B1-1F
670,7,태릉입구,1,0017-918,"공릉 방면6-4, B4-B1",B4-B1
671,7,태릉입구,2,0053-181,"먹골 방면3-1, B4-1F",B4-1F
672,7,먹골,1,0017-580,"태릉입구 방면4-4, B3-B2",B3-B2
673,7,먹골,2,0017-581,"중화 방면5-1, B3-B2",B3-B2
674,7,먹골,3,0018-261,"2번 출구 측, B2-B1-1F",B2-B1-1F
675,7,중화,1,0018-259,"먹골 방면4-4, B3-B2-B1",B3-B2-B1
676,7,중화,2,0018-260,"먹골 방면 5-1, B3-B2",B3-B2
677,7,중화,3,0056-268,"3번 출구 측, B1-1F",B1-1F
678,7,상봉,1,0019-106,"중화 방면3-2, B3-B2-B1",B3-B2-B1
679,7,상봉,2,0019-351,"면목 방면6-2, B3-B2-B1",B3-B2-B1
680,7,상봉,3,0016-030,"중화 방면4-2, B3-B2",B3-B2
681,7,상봉,4,0016-029,"면목 방면5-1, B3-B2",B3-B2
682,7,상봉,5,0019-486,"3번 출구 측, B1-1F",B1-1F
683,7,면목,1,0017-577,"상봉 방면4-4, B4-B3-B1",B4-B3-B1
684,7,면목,2,0017-578,"사가정 방면5-2, B4-B3",B4-B3
685,7,면목,3,0018-586,"3번 출구 측, B1-1F",B1-1F
686,7,사가정,1,0017-575,"면목 방면3-3, B4-B3",B4-B3
687,7,사가정,2,0017-576,"용마산 방면6-2, B4-B3-B1",B4-B3-B1
688,7,사가정,3,0052-631,"3번 출구 측, B1-1F",B1-1F
689,7,용마산,1,0017-574,"사가정 방면3-3, B4-B3",B4-B3
690,7,용마산,2,0017-573,"중곡 방면6-1, B4-B1",B4-B1
691,7,용마산,3,0018-587,"1번 출구 측, B1-1F-2F",B1-1F-2F
692,7,중곡,1,0005-633,"용마산 방면4-4, B3-B2",B3-B2
693,7,중곡,2,0005-634,"군자 방면5-1, B3-B2",B3-B2
694,7,중곡,3,0003-912,"1번 출구 측, B2-1F",B2-1F
695,7,군자,1,0094-111,"7번 출구 측, B1-1F",B1-1F
696,7,어린이대공원,1,0007-435,"군자 방면3-3, B3-B2-B1",B3-B2-B1
697,7,어린이대공원,2,0082-420,"건대입구 방면6-2, B3-B2-B1",B3-B2-B1
698,7,어린이대공원,3,0007-437,"1번 출구 측, B1-1F",B1-1F
699,7,어린이대공원,4,0051-898,"5번 출구 측, B1-1F",B1-1F
700,7,건대입구,1,0132-928,"어린이대공원 방면5-4, B3-B2",B3-B2
701,7,건대입구,2,0132-929,"뚝섬유원지 방면4-1, B3-B2",B3-B2
702,7,뚝섬유원지,1,0082-441,"1번 출구 측, 1F-2F",1F-2F
703,7,뚝섬유원지,2,0082-442,"건대입구 방면1-4, 2F-3F",2F-3F
704,7,뚝섬유원지,3,0082-443,"청담 방면7-4, 2F-3F",2F-3F
705,7,청담,1,0056-819,"5번 출구 측, B3-1F",B3-1F
706,7,청담,2,0045-844,"10번 출구 측, B3-1F",B3-1F
707,7,강남구청,1,0011-097,"청담 방면1-1, B3-B2",B3-B2
708,7,강남구청,2,0011-098,"학동 방면8-4, B3-B2",B3-B2
709,7,학동,1,0065-989,"강남구청 방면4-4, B3-B2",B3-B2
710,7,학동,2,0065-990,"논현 방면5-1, B3-B2",B3-B2
711,7,학동,3,0078-212,"3번 출구 측, B2-1F",B2-1F
712,7,논현,1,0057-897,"학동 방면7-4, B3-B2",B3-B2
713,7,논현,2,0057-898,"반포 방면2-1, B3-B2",B3-B2
714,7,논현,3,0012-777,"10번 출구 측, B2-1F",B2-1F
715,7,반포,1,0078-301,"논현 방면5-1, B3-B2",B3-B2
716,7,반포,2,0078-302,"고속터미널(7) 방면4-4, B3-B2",B3-B2
717,7,반포,3,0012-778,"6번 출구 측, B2-1F",B2-1F
718,7,반포,4,0077-428,"1번 출구 측, B2-1F",B2-1F
719,7,고속터미널,1,0009-821,"반포 방면3-3, B3-B2",B3-B2
720,7,고속터미널,2,0009-822,"내방 방면6-2, B3-B2",B3-B2
721,7,내방,1,0077-425,"고속터미널(7) 방면 5-2, B3-B2",B3-B2
722,7,내방,2,0077-426,"이수(7) 방면 4-2, B3-B2",B3-B2
723,7,내방,3,0077-427,"대합실(고객상담실 앞), B2-B1",B2-B1
724,7,내방,4,0012-779,"3번 출구 측, B1-1F",B1-1F
725,7,내방,5,0087-708,"5번 출구 측, B1-1F",B1-1F
726,7,이수,1,0063-029,"내방 방면4-2, B4-B3",B4-B3
727,7,이수,2,0063-030,"남성 방면5-3, B4-B3",B4-B3
728,7,이수,3,0063-031,"11번 출구 측, B3-1F",B3-1F
729,7,남성,1,0091-212,"이수(7) 방면6-2, B3-B2",B3-B2
730,7,남성,2,0091-213,"숭실대입구 방면3-3, B3-B2",B3-B2
731,7,남성,3,0091-214,"3번 출구 측, B2-B1-1F",B2-B1-1F
732,7,남성,4,0151-564,"2번 출구 측, B2-1F",B2-1F
733,7,숭실대입구,1,0060-933,"남성 방면6-1, B6-B2",B6-B2
734,7,숭실대입구,2,0060-934,"상도 방면3-3, B6-B2",B6-B2
735,7,숭실대입구,3,0060-935,"2번 출구 측, B2-1F",B2-1F
736,7,숭실대입구,4,0123-429,"3번 출구 측, B2-1F",B2-1F
737,7,상도,1,0021-574,"숭실대입구 방면4-4, B3-B2",B3-B2
738,7,상도,2,0021-575,"장승배기 방면4-4, B3-B2",B3-B2
739,7,상도,3,0021-576,"5번 출구 측, B2-1F",B2-1F
740,7,장승배기,1,0022-769,"상도 방면4-4, B3-B2",B3-B2
741,7,장승배기,2,0022-770,"신대방삼거리 방면4-4, B3-B2",B3-B2
742,7,장승배기,3,0022-771,"2번 출구 측, B2-1F",B2-1F
743,7,신대방삼거리,1,0022-772,"장승배기 방면4-4, B3-B2",B3-B2
744,7,신대방삼거리,2,0022-773,"보라매 방면4-4, B3-B2",B3-B2
745,7,신대방삼거리,3,0022-522,"대합실(고객상담실 옆), B2-B1",B2-B1
746,7,신대방삼거리,4,0022-774,"3번 출구 측, B1-1F",B1-1F
747,7,보라매,1,0021-025,"신풍 방면5-1, 신대방삼거리 방면4-4, B2-B1",B2-B1
748,7,보라매,2,0021-026,"6번 출구 측, B1-1F",B1-1F
749,7,신풍,1,0021-850,"보라매 방면5-4, B2-B1",B2-B1
750,7,신풍,2,0021-851,"대림(7) 방면4-1, B2-B1",B2-B1
751,7,신풍,3,0021-852,"4번 출구 측, B1-1F",B1-1F
752,7,신풍,4,0097-451,"5번 출구 측, B1-1F",B1-1F
753,7,대림,1,0020-631,"신풍 방면5-1, B2-B1",B2-B1
754,7,대림,2,0020-632,"남구로 방면4-4, B2-B1",B2-B1
755,7,대림,3,0020-633,"10번 출구 측, B1-1F",B1-1F
756,7,가산디지털단지,1,0021-021,"대림 방면5-4, B4-B3-B2",B4-B3-B2
757,7,가산디지털단지,2,0021-022,"철산 방면4-1, B4-B3-B2",B4-B3-B2
758,7,가산디지털단지,3,0021-023,"대합실(지하2층), B2-B1",B2-B1
759,7,가산디지털단지,4,0021-024,"6번 출구 측, B1-1F",B1-1F
760,7,철산,1,2026-968,"가산디지털단지 방면5-1, B2-B1",B2-B1
761,7,철산,2,2026-969,"광명사거리 방면4-4, B2-B1",B2-B1
762,7,철산,3,2026-970,"1번 출구 측, B1-1F",B1-1F
763,7,철산,4,2162-470,"4번 출구 측, B1-1F",B1-1F
764,7,광명사거리,1,2026-444,"천왕 방면2-1, B3-B2",B3-B2
765,7,광명사거리,2,2117-998,"2번 출구 측, B2-1F",B2-1F
766,7,천왕,1,0021-226,"광명사거리 방면5-1, B2-B1",B2-B1
767,7,천왕,2,0021-227,"온수 방면4-4, B2-B1",B2-B1
768,7,천왕,3,0025-776,"3번 출구 측, B1-1F",B1-1F
769,7,천왕,4,0122-484,"2번 출구 측, B1-1F",B1-1F
770,7,온수,1,0021-618,"천왕 방면4-4, B2-B1",B2-B1
771,7,온수,2,0021-619,"까치울 방면5-1, B2-B1",B2-B1
772,7,온수,3,0021-620,"2번 출구 측, B1-1F",B1-1F
773,8,암사,1,0066-066,"암사 방면3-4, B2-B1",B2-B1
774,8,암사,2,0066-067,"천호 방면4-1, B2-B1",B2-B1
775,8,암사,3,0079-858,"3,4번 출구 사이, B1-1F",B1-1F
776,8,천호,1,0077-988,"암사 방면2-2, B2-B1",B2-B1
777,8,천호,2,0077-989,"강동구청 방면5-4, B2-B1",B2-B1
778,8,강동구청,1,0077-745,"천호 방면4-2, B3-B2",B3-B2
779,8,강동구청,2,0077-746,"몽촌토성 방면 3-2,3-3 사이, B3-B2",B3-B2
780,8,강동구청,3,0009-742,"4번 출구 측, B2-1F",B2-1F
781,8,몽촌토성,1,0011-276,"강동구청 방면3-4, B3-B2",B3-B2
782,8,몽촌토성,2,0011-277,"잠실 방면3-4, B3-B2",B3-B2
783,8,몽촌토성,3,0011-278,"대합실(B2), B2-B1",B2-B1
784,8,몽촌토성,4,0075-711,"대합실(B1, 4번 출구 측 화장실 앞), B1-1F",B1-1F
785,8,잠실,1,0087-497,"몽촌토성 방면2-3, B3-B2-B1",B3-B2-B1
786,8,잠실,2,0087-498,"석촌 방면5-2, B3-B2-B1",B3-B2-B1
787,8,잠실,3,0087-499,"9번 출구 측, B1-1F",B1-1F
788,8,석촌,1,0075-712,"잠실 방면 3-4, B2-B1",B2-B1
789,8,석촌,2,0075-713,"송파 방면 4-1, B2-B1",B2-B1
790,8,석촌,3,0045-887,"1번 출구 측, B1-1F",B1-1F
791,8,송파,1,0087-791,"석촌 방면3-4, B2-B1",B2-B1
792,8,송파,2,0087-792,"가락시장 방면 3-4,4-1 사이, B2-B1",B2-B1
793,8,송파,3,0046-881,"1,2번 출구 사이, B1-1F",B1-1F
794,8,송파,4,0156-007,"4번 출구 측, B1-1F",B1-1F
795,8,가락시장,1,0078-551,"송파 방면5-4, B2-B1",B2-B1
796,8,가락시장,2,0078-553,"문정 방면2-3, B2-B1",B2-B1
797,8,가락시장,3,0078-555,"환승통로(모란방면), B3-B2",B3-B2
798,8,가락시장,4,0078-554,"환승통로(암사방면), B3-B2",B3-B2
799,8,가락시장,5,0075-714,"1,2번 출구 사이, B2-B1-1F",B2-B1-1F
800,8,가락시장,6,0078-552,"3,4번 출구 사이, B1-1F",B1-1F
801,8,문정,1,0077-747,"가락시장 방면3-4, B2-B1",B2-B1
802,8,문정,2,0077-748,"장지 방면4-1, B2-B1",B2-B1
803,8,문정,3,0009-743,"2번 출구 측, B1-1F",B1-1F
840,8,문정,4,0161-734,"4번 출구 측, B1-BM-1F",B1-BM-1F
805,8,장지,1,0077-861,"문정 방면4-1, B2-B1",B2-B1
806,8,장지,2,0077-862,"복정 방면3-4, B2-B1",B2-B1
807,8,장지,3,0009-744,"1번 출구 측, B1-1F",B1-1F
808,8,장지,4,0077-876,"3번 출구 측, B1-1F",B1-1F
809,8,복정,1,0011-754,"장지 방면4-1, 남위례 방면3-4, B3-B2-B1",B3-B2-B1
810,8,남위례,1,2249-470,"대합실(1번출구), 1F-2F",1F-2F
811,8,남위례,2,2249-471,"5번 출구 측, 1F-4F",1F-4F
812,8,남위례,3,2249-472,"산성 방면3-4, 2F-3F",2F-3F
813,8,산성,1,2024-722,"남위례 방면6-2, B3-B2",B3-B2
814,8,산성,2,2024-723,"남한산성입구 방면1-3, B3-B2",B3-B2
815,8,산성,3,2024-721,"대합실, B2-B1",B2-B1
816,8,산성,4,2075-288,"3번 출구 측, B1-1F",B1-1F
817,8,남한산성입구,1,2022-967,"산성 방면3-4, B3-B2",B3-B2
818,8,남한산성입구,2,2231-773,"단대오거리 방면4-1, B3-1F",B3-1F
819,8,단대오거리,1,2116-586,"남한산성입구 방면2-4, B3-B2-B1",B3-B2-B1
820,8,단대오거리,2,2116-587,"신흥 방면5-1, B3-B2-B1",B3-B2-B1
821,8,단대오거리,3,2116-588,"4번 출구 측, B1-1F",B1-1F
822,8,신흥,1,2022-969,"단대오거리 방면4-1, B2-B1",B2-B1
823,8,신흥,2,2022-970,"수진 방면3-4, B2-B1",B2-B1
824,8,수진,1,2116-589,"신흥 방면3-4, B2-B1",B2-B1
825,8,수진,2,2116-590,"모란 방면4-1, B2-B1",B2-B1
826,8,수진,3,2212-625,"3번 출구 측, B1-1F",B1-1F
827,8,모란,1,2116-583,"수진 방면5-2, B3-B2-B1",B3-B2-B1
828,8,모란,2,2116-584,"모란 방면2-3, B3-B2",B3-B2
829,8,모란,3,2116-585,"11번 출구 측, B1-1F",B1-1F
