연번,호선,역명,장비종류,호기,승강기번호,운행구간,설치위치
1,1,서울역(1),E/L,내부#1,0074-205,B2(승)~B1(대),섬식(상) 5-1
2,1,서울역(1),E/L,외부#1,0104-656,B1(대)~지상,2번 출구측
3,1,서울역(1),E/L,외부#2,0105-867,B1(대)~지상,4번 출구측
4,1,서울역(1),E/L,외부#3,0073-979,B1(대)~지상,3번 출구측
5,1,시청(1),E/L,내부#1,0002-888,B2(승)~B1(대),상행 3-2
6,1,시청(1),E/L,내부#2,0002-887,B2(승)~B1(대),하행 8-3
7,1,시청(1),E/L,외부#1,0002-889,B1(대)~지상,1-2번 출구사이
8,1,종각,E/L,내부#1,0000-506,B2(승)~B1(대),상행 6-4
9,1,종각,E/L,내부#2,0000-507,B2(승)~B1(대),하행 4-4
10,1,종각,E/L,외부#1,0000-508,B1(대)~지상,3번 출구측
11,1,종각,E/L,외부#2,0113-945,B1(대)~지상,1번 출구측
12,1,종로3가(1),E/L,내부#1,0000-512,B2(승)~B1(대),상행 4-4
13,1,종로3가(1),E/L,내부#2,0000-513,B2(승)~B1(대),하행 6-4
14,1,종로3가(1),E/L,외부#1,0073-426,B1(대)~지상,12-13번 출구측
15,1,종로5가,E/L,내부#1,0000-533,B2(승)~B1(대),상행 8-3
16,1,종로5가,E/L,내부#2,0000-534,B2(승)~B1(대),하행 3-2
17,1,종로5가,E/L,외부#1,0000-535,B1(대)~지상,8-9번 출구측
18,1,동대문(1),E/L,내부#1,0000-906,B2(승)~B1(대),상행 10-4
19,1,동대문(1),E/L,내부#2,0000-907,B2(승)~B1(대),하행 2-1
20,1,동대문(1),E/L,외부#1,0000-905,B1(대)~지상,6번 출구측
21,1,동묘앞,E/L,내부#1,0000-946,B1(승)~4F(건),본관건물(상)6-2
22,1,동묘앞,E/L,내부#2,0000-943,B2(연)~BM2~B1(승),상행 10-3
23,1,동묘앞,E/L,내부#3,0000-947,B2(환)~B1(승),상행 4-8
24,1,동묘앞,E/L,내부#4,0000-948,B2(연)~B1(승),하행 7-3
25,1,동묘앞,E/L,내부#5,0000-944,B2(환)~B1(승),하행 1-2
26,1,동묘앞,E/L,외부#1,0000-945,B1(승)~BM1~지상,1-10번 출구 사이
27,1,동묘앞,E/L,외부#2,0000-960,B1(승)~지상,3번 출구측
28,1,신설동(1),E/L,내부#1,0083-762,B2(승)~B1(대),상행 3-4
29,1,신설동(1),E/L,내부#2,0083-764,B2(승)~B1(대),하행 8-1
30,1,신설동(1),E/L,외부#1,0003-532,B1(대)~지상,1번 출구측
31,1,신설동(1),E/L,외부#2,0083-761,B1(대)~지상,"2,3번 출구사이"
32,1,신설동(1),E/L,외부#3,0083-763,B1(대)~지상,"4,5번 출구사이"
33,1,제기동,E/L,내부#1,0043-600,B2(승)~B1(대),상행 9-4
34,1,제기동,E/L,내부#2,0027-701,B2(승)~B1(대),하행 2-1
35,1,제기동,E/L,외부#1,0093-165,B1(대)~지상,1번 출구측
36,1,청량리(1),E/L,외부#1,0027-702,B2(대)~지상,6번 출구측
37,2,시청(2),E/L,내부#1,0042-520,B3(승)~B2대)~B1(대),섬식(외) 6-2
38,2,시청(2),E/L,외부#1,0002-886,B1(대)~지상,9번 출구측
39,2,을지로입구,E/L,내부#1,0003-059,B2(승)~B1(대),외선 5-3
40,2,을지로입구,E/L,내부#2,0003-058,B2(승)~B1(대),내선 6-2
41,2,을지로입구,E/L,외부#1,0124-101,B1(대)~지상,1번출구측
42,2,을지로입구,E/L,외부#2,0104-712,B1(대)~지상,5번 출구측
43,2,을지로3가(2),E/L,내부#1,0042-132,B2(승)~B1(대),외선 8-3
44,2,을지로3가(2),E/L,내부#2,0042-133,B2(승)~B1(대),내선 3-2
45,2,을지로4가,E/L,내부#1,0042-130,B2(승)~B1(대),외선 3-2
46,2,을지로4가,E/L,내부#2,0042-131,B2(승)~B1(대),내선 8-3
47,2,을지로4가,E/L,외부#1,0102-390,B1(대)~지상,8번출구
48,2,동대문역사문화공원(2),E/L,내부#1,0003-055,B2(승)~B1(대),외선 8-3
49,2,동대문역사문화공원(2),E/L,내부#2,0003-056,B2(승)~B1(대),내선 3-2
50,2,동대문역사문화공원(2),E/L,외부#1,0039-324,B1(대)~지상,1번 출구측
51,2,신당,E/L,외부#1,0004-367,B1(대)~지상,2번 출구측
52,2,신당,E/L,내부#1,0103-796,B2(승)~B1(대),외선 3-4
53,2,신당,E/L,내부#2,0103-797,B2(승)~B1(대),내선 7-4
54,2,상왕십리,E/L,내부#1,0042-156,B2(승)~B1(대),외선 8-1
55,2,상왕십리,E/L,내부#2,0042-157,B2(승)~B1(대),내선 3-4
56,2,상왕십리,E/L,외부#1,0117-183,B1(대)~지상,2-3출구 사이
57,2,왕십리,E/L,내부#1,0003-466,B3(승)~B2(대),외선 3-2
58,2,왕십리,E/L,내부#2,0068-689,B3(승)~B2(대),내선 3-4
59,2,한양대,E/L,내부#1,0042-129,F1(승)~F2(대),섬식(외) 3-3
60,2,한양대,E/L,외부#1,0042-128,지상~F2(대),4번 출구(육교)
61,2,뚝섬,E/L,내부#1,0003-051,F2(대)~F3(승),외선 7-1
62,2,뚝섬,E/L,내부#2,0003-050,F2(대)~F3(승),내선 7-1
63,2,뚝섬,E/L,외부#1,0003-049,지상~F2(대),3번 출구측
64,2,뚝섬,E/L,외부#2,0131-787,지상~F2(대),6번출구
65,2,성수,E/L,내부#1,0074-865,F2(대)~F3(승),외선 7-1
66,2,성수,E/L,내부#2,0074-866,F2(대)~F3(승),내선 4-4
67,2,성수,E/L,외부#1,0039-325,지상~F1(대),1번 출구측
68,2,성수,E/L,외부#2,0039-327,지상~F1(대),4번 출구측
69,2,신답,E/L,내부#1,0039-326,F1(승)~F2(대),외선 2-4
70,2,신답,E/L,내부#2,0104-461,F1(승)~F2(대),내선 3-2
71,2,용두,E/L,내부#1,0054-021,B2(승)~B1(대),외선 1-1
72,2,용두,E/L,내부#2,0054-022,B2(승)~B1(대),내선 4-3
73,2,용두,E/L,외부#1,0054-023,B1(대)~지상,3번 출구측
74,2,용두,E/L,외부#2,0054-024,B1(대)~지상,4번 출구측
75,2,신설동(2),E/L,내부#1,0027-703,B2(승)~B1(대),섬식(외) 4-3
76,2,신설동(2),E/L,외부#1,0044-516,B1(대)~지상,9번 출구측
77,2,건대입구,E/L,내부#1,0108-564,2(대)~3(승),섬식(외)5-4
78,2,건대입구,E/L,외부#1,0095-448,지상~F2(대)~F3(승),7-3 ~6번 출구측
79,2,구의,E/L,내부#1,0028-196,F2(대)~F3(승),섬식(외)4-3
80,2,구의,E/L,외부#1,0028-197,지상~F2(대)~F3(승),7-2 ~ 2번 출구측
81,2,강변,E/L,내부#1,0093-166,F1(대)~F2(승),외선 4-2
82,2,강변,E/L,내부#2,0093-167,F1(대)~F2(승),내선 7-3
83,2,잠실나루,E/L,내부#1,0012-789,F1(대)~F2(승),외선 3-4
84,2,잠실나루,E/L,내부#2,0012-790,F1(대)~F2(승),내선 8-1
85,2,잠실,E/L,내부#1,0007-841,B2(승)~B1(대),외선 5-2
86,2,잠실,E/L,내부#2,0007-842,B2(승)~B1(대),내선 6-3
87,2,잠실,E/L,외부#1,0065-637,B1(상가)~지상,6번 출구측
88,2,잠실,E/L,외부#2,0089-517,B1(대)~지상,"1,2번출구측"
89,2,잠실새내,E/L,내부#1,0008-945,B2(승)~B1(대),외선 7-3
90,2,잠실새내,E/L,내부#2,0008-946,B2(승)~B1(대),내선 4-1
91,2,잠실새내,E/L,외부#1,0075-476,B1(대)~지상,7번 출구측
92,2,잠실새내,E/L,외부#2,0008-670,B1(대)~지상,2번 출구측
93,2,종합운동장,E/L,내부#1,0008-146,B2(승)~B1(대),외선 2-4
94,2,종합운동장,E/L,내부#2,0008-147,B2(승)~B1(대),내선 8-4
95,2,종합운동장,E/L,외부#1,0008-148,B1(대)~지상,6번 출구측
96,2,삼성,E/L,내부#1,0007-844,B2(승)~B1(대),섬식(외) 3-1
97,2,삼성,E/L,외부#1,0007-843,B1(대)~지상,1번 출구측
98,2,삼성,E/L,외부#2,0014-060,B1(대)~지상,6번 출구측
99,2,삼성,E/L,외부#3,0075-477,B1(대)~지상,8번 출구측
100,2,삼성,E/L,외부#4,0105-289,B1(대)~지상,4번 출구측
101,2,선릉,E/L,외부#1,0066-856,B1(대)~지상,1번 출구측
102,2,선릉,E/L,외부#2,0105-099,B1(대)~지상,5번 출구측
103,2,선릉,E/L,외부#3,0072-904,B1(대)~지상,10번 출구측
104,2,역삼,E/L,내부#1,0075-561,B2(승)~B1(대),외선 7-3
105,2,역삼,E/L,내부#2,0075-562,B2(승)~B1(대),내선 4-1
106,2,역삼,E/L,외부#1,0065-638,B1(대)~지상,3번 출구측
107,2,역삼,E/L,외부#2,0075-563,B1(대)~지상,4번 출구측
108,2,강남,E/L,내부#1,0087-544,B2(승)~B1(대),외선 8-1
109,2,강남,E/L,내부#2,0087-545,B2(승)~B1(대),내선 3-4
110,2,강남,E/L,외부#1,0087-546,B1(상가)~지상,1번 출구측
111,2,강남,E/L,외부#2,0087-547,B1(상가)~지상,10번 출구측
112,2,교대(2),E/L,내부#1,0008-151,B2(승)~B1(대),외선 8-4
113,2,교대(2),E/L,내부#2,0008-152,B2(승)~B1(대),내선 3-1
114,2,교대(2),E/L,외부#1,0046-583,B1(대)~지상,5번 출구측
115,2,서초,E/L,내부#1,0008-943,B2(승)~B1(대),외선 2-4
116,2,서초,E/L,내부#2,0008-944,B2(승)~B1(대),내선 9-1
117,2,서초,E/L,외부#1,0075-478,B1(대)~지상,1번 출구측
118,2,서초,E/L,외부#2,0072-667,B1(대)~지상, 4번출구 
119,2,방배,E/L,내부#1,0008-947,B2(승)~B1(대),외선 8-3
120,2,방배,E/L,내부#2,0008-948,B2(승)~B1(대),내선 3-1
121,2,방배,E/L,외부#1,0046-582,B1(대)~지상,3번 출구측
122,2,사당(2),E/L,내부#1,0091-437,B2(승)~B1(대),섬식(외)4-4
123,2,사당(2),E/L,외부#1,0091-438,B1(대)~지상,14번 출구측
124,2,사당(2),E/L,외부#2,0098-381,B1(대)~지상,6번 출구측
125,2,낙성대,E/L,내부#1,0020-064,B2(승)~B1(대),외선 8-2
126,2,낙성대,E/L,내부#2,0020-065,B2(승)~B1(대),내선 3-3
127,2,낙성대,E/L,외부#1,0020-066,B1(대)~지상,6번 출구측
128,2,서울대입구,E/L,내부#1,0020-839,B2(승)~B1(대),섬식(외)6-3
129,2,서울대입구,E/L,외부#1,0110-204,B1(대)~지상,6번 출구측
130,2,서울대입구,E/L,외부#2,0114-806,B1(대)~지상,2번 출구측
131,2,봉천,E/L,내부#1,0060-936,B2(승)~B1(대),섬식(외)6-3
132,2,봉천,E/L,외부#1,0060-937,B1(대)~지상,4번 출구측
133,2,신림,E/L,내부#1,0019-759,B2(승)~B1(대),섬식(외) 4-4
134,2,신림,E/L,외부#1,0019-760,B1(대)~지상,1번 출구측
135,2,신림,E/L,외부#2,0092-886,B1(대)~지상,5번 출구측
136,2,신대방,E/L,내부#1,0020-955,F2(대)~F3(승),외선 3-4
137,2,신대방,E/L,내부#2,0020-956,F2(대)~F3(승),내선 8-1
138,2,신대방,E/L,외부#1,0020-957,지상~F2(대),1번 출구측
139,2,구로디지털단지,E/L,내부#1,0019-757,지상~F2(대),외선 3-4
140,2,구로디지털단지,E/L,내부#2,0019-758,F2(대)~F3(승),내선 7-4
141,2,구로디지털단지,E/L,외부#1,0019-756,F2(대)~F3(승),6번출구
142,2,구로디지털단지,E/L,외부#2,0156-754,F1-F2,"2,3번 출구"
143,2,대림,E/L,외부#1,0107-009,지상~F2(대),7번 출구측(육교)
144,2,대림,E/L,외부#2,0060-929,지상~F2(대),4번 출구측(육교)
145,2,대림,E/L,내부1,0060-928,F2(대)~F3(승),외선 3-2
146,2,대림,E/L,내부2,0060-927,F2(대)~F3(승),내선 8-3
147,2,신도림,E/L,내부#1,0085-969,B2(승)~B1(대),섬식 3-2
148,2,신도림,E/L,내부#2,0098-197,B2(승)~B1(대),섬식 4-4
149,2,신도림,E/L,외부#1,0109-522,B1(대)~F1~F2,1번 출입구
150,2,신도림,E/L,외부#2,0098-196,B1(대)~지상,2번 출구측
151,2,도림천,E/L,내부#1,0022-597,B3(승)~B2(대),섬식(지) 4-4
152,2,도림천,E/L,외부#1,0022-596,B3(승)~B2(대)~B1(대),1~2번 출구사이
153,2,양천구청,E/L,내부#1,0020-959,B2(승)~B1(대),외선 4-1
154,2,양천구청,E/L,내부#2,0020-960,B2(승)~B1(대),내선 3-3
155,2,양천구청,E/L,외부#1,0020-958,B1(대)~지상,1번 출구측
156,2,신정네거리,E/L,내부#1,0060-930,B3(승)~B2(대),외선 4-1
157,2,신정네거리,E/L,내부#2,0060-931,B3(승)~B2(대),내선 3-4
158,2,신정네거리,E/L,외부#1,0060-932,B2(대)~지상,2번 ~3번출구측
159,2,문래,E/L,내부#1,0021-258,B2(승)~B1(대),외선 7-4
160,2,문래,E/L,내부#2,0021-259,B2(승)~B1(대),내선 4-1
161,2,문래,E/L,외부#1,0107-085,B1(대)~지상,5번 출구
162,2,문래,E/L,외부#2,0133-667,B1(대)~지상,1번출구
163,2,영등포구청,E/L,내부#1,0021-255,B2(승)~B1(대),외선 8-4
164,2,영등포구청,E/L,내부#2,0021-256,B2(승)~B1(대),내선 3-1
165,2,영등포구청,E/L,외부#1,0021-254,B1(대)~지상,2번 출구측
166,2,영등포구청,E/L,외부#2,0157-040,B1-F1,5번 출구측
167,2,당산,E/L,내부#1,0020-068,F2(대)~F3(승),외선 8-3
168,2,당산,E/L,내부#2,0020-069,F2(대)~F3(승),내선 3-2
169,2,당산,E/L,외부#1,0020-067,지상~F2(대),4번 출구측
170,2,당산,E/L,외부#2,0156-907,F1(지상)~F2(대),3번 출구측
171,2,합정,E/L,내부#1,0073-427,B2(승)~B1(대),외선 4-1
172,2,합정,E/L,내부#2,0042-092,B2(승)~B1(대),내선 7-3
173,2,합정,E/L,외부#1,0103-758,B1(대)~지상,1번 출구측
174,2,합정,E/L,외부#2,0073-978,B1(대)~지상,4번 출구측
175,2,홍대입구,E/L,내부#1,0102-349,B2(승)~B1(대),섬식(외)7-2
176,2,홍대입구,E/L,외부#1,0102-350,B1(대)~지상,8번 출구측
177,2,신촌,E/L,내부#1,0102-373,B2(승)~B1(대),외선 8-4
178,2,신촌,E/L,내부#2,0102-374,B2(승)~B1(대),내선 4-4
179,2,신촌,E/L,외부#1,0039-954,B1(대)~지상,4번 출구측
180,2,신촌,E/L,외부#2,0127-889,B1(대)~지상,6번출구
181,2,이대,E/L,내부#1,0102-372,B2(승)~B1(대),섬식(외) 2-2
182,2,이대,E/L,외부#1,0042-093,B1(대)~지상,6번 출구측
183,2,이대,E/L,외부 2,0152-647,B1(대)-F1(지상),2번 출구
184,2,아현,E/L,내부#1,0102-369,B2(승)~B1(대),외선 7-2
185,2,아현,E/L,내부#2,0102-370,B2(승)~B1(대),내선 4-3
186,2,아현,E/L,외부#1,0042-109,B1(대)~지상,3번 출구측
187,2,아현,E/L,외부#2,0129-011,B1(대)~지상,1번 출구측
188,2,충정로,E/L,내부#1,0039-953,B3(승)~B2(대),섬식(외) 2-1
189,2,충정로,E/L,외부#1,0105-868,B2(대)~지상,5번 출구측
190,3,지축,E/L,내부#1,2040-730,1F(대)~2F(승),섬식(상) 2-1
191,3,구파발,E/L,내부#1,0081-259,B2(승)~B1(대),섬식(상) 5-3
192,3,구파발,E/L,외부#1,0081-260,B1(대)~지상,1번 출구측
193,3,연신내,E/L,내부#1,0102-345,B2(승)~B1(대),섬식(상) 6-1
194,3,불광,E/L,내부#1,0039-994,B2(승)~B1(대),상행 3-3
195,3,불광,E/L,내부#2,0002-833,B2(승)~B1(대),하행 8-2
196,3,불광,E/L,외부#1,0102-055,B1(대)~지상,1번 출구측
197,3,녹번,E/L,내부#1,0102-399,B2(승)~B1(대),섬식(상) 3-1
198,3,녹번,E/L,외부#1,0080-695,B1(대)~지상,3번 출구측
199,3,녹번,E/L,외부#2,0127-909,B1(대)~지상,1번출구
200,3,홍제,E/L,내부#1,0102-346,B3(승)~B2(대),섬식(상) 3-4
201,3,홍제,E/L,외부#1,0039-995,B2(대)~지상,4번 출구측
202,3,홍제,E/L,외부#2,0073-438,B1(대)~지상,1번 출구측
203,3,무악재,E/L,내부#1,0082-061,B3(승)~B2(대),상행 3-3
204,3,무악재,E/L,내부#2,0082-062,B3(승)~B2(대),하행 8-2
205,3,무악재,E/L,외부#1,0082-063,B2(대)~지상,1번 출구측
206,3,독립문,E/L,내부#1,0039-996,B3(승)~B2(대),섬식(상) 9-1
207,3,독립문,E/L,외부#1,0102-347,B2(대)~지상,4번 출구측
208,3,경복궁,E/L,내부#1,0000-388,B3(승)~B2(대),섬식(상) 6-2
209,3,경복궁,E/L,외부#1,0000-719,B2(대)~지상,4번 출구측
210,3,안국,E/L,내부#1,0000-591,B3(승)~B2(대),섬식(상) 3-2
211,3,안국,E/L,외부#1,0000-592,B2(대)~지상,6번 출구측
212,3,종로3가(3),E/L,내부#1,0125-744,"대합실 ⇔ 승강장","지축방향 4-3, 오금방향 7-1"
213,3,종로3가(3),E/L,외부#1,0125-743, 대합실 ⇔ 8번출구,8번출구
214,3,을지로3가(3),E/L,내부#1,0040-427,B3(승)~B2(대)~B1(대),섬식(상) 6-3
215,3,을지로3가(3),E/L,외부#1,0040-428,B1(대)~지상,10번 출구측
216,3,동대입구,E/L,내부#1,0003-046,B3(승)~B2(대),섬식(상) 3-3
217,3,동대입구,E/L,내부#2,0118-605,B2(대)~B1(대),내부-2
218,3,동대입구,E/L,외부#1,0102-299,B2(대)~지상,6번 출구측
219,3,약수,E/L,내부#1,0102-482,B2(승)~B1(대),섬식(상) 8-4
220,3,약수,E/L,외부#1,0073-377,B1(대)~지상,3번 출구측
221,3,금호,E/L,내부#1,0102-309,B2(승)~B1(대),섬식(상) 3-2
222,3,금호,E/L,외부#1,0041-329,B1(대)~지상,2번 출구측
223,3,금호,E/L,외부#2,0145-645,B1(대)~지상,3번 출구측
224,3,옥수,E/L,내부#1,0074-036,F2(대)~F3(승),상행 10-1
225,3,옥수,E/L,내부#2,0074-037,F2(대)~F3(승),하행 1-2
226,3,옥수,E/L,외부#1,0040-429,지상~F2(대),4-5번출구 사이
227,3,압구정,E/L,내부#1,0033-201,B2(승)~B1(대),상행 8-2
228,3,압구정,E/L,내부#2,0033-202,B2(승)~B1(대),하행 3-2
229,3,압구정,E/L,외부#1,0137-278,B1(대)~지상,3번 출구측
230,3,압구정,E/L,외부#2,0108-323,B1(대)~지상,2번 출구측
231,3,신사,E/L,내부#1,0049-398,B2(승)~B1(대),상행 3-1
232,3,신사,E/L,내부#2,0049-407,B2(승)~B1(대),하행 8-3
233,3,신사,E/L,외부#1,0099-799,B1(대)~지상,1번 출구측
234,3,신사,E/L,외부#2,0110-416,B1(대)~지상,8번 출구측
235,3,잠원,E/L,내부#1,0033-321,B2(승)~B1(대),상행 3-3
236,3,잠원,E/L,내부#2,0035-271,B2(승)~B1(대),하행 8-2
237,3,잠원,E/L,외부#1,0033-320,B1(대)~지상,1번 출구측
238,3,고속터미널,E/L,내부#1,0033-322,B3(승)~B2(대),상행 8-2
239,3,고속터미널,E/L,내부#2,0033-323,B3(승)~B2(대),하행 3-3
240,3,교대(3),E/L,외부#1,0151-807,B1-F1,13번출구
241,3,교대(3),E/L,내부#1,0035-270,B3(승)~B2(대)~B1(대),섬식(상) 4-2
242,3,남부터미널,E/L,내부#1,0101-445,B3(승)~B2(대),상행 3-2
243,3,남부터미널,E/L,내부#2,0101-446,B3(승)~B2(대),하행 8-2
244,3,남부터미널,E/L,외부#1,0093-684,B2(대)~지상,5번 출구측
245,3,양재,E/L,내부#1,0099-778,B2(승)~B1(대),상행 3-1
246,3,양재,E/L,내부#2,0099-779,B2(승)~B1(대),하행 8-4
247,3,양재,E/L,외부#2,0110-414,B1(대)~지상,4번 출구측
248,3,양재,E/L,외부#1,0099-776,B1(대)~지상,11번 출구측
249,3,매봉,E/L,내부#1,0033-324,B2(승)~B1(대),상행 5-4
250,3,매봉,E/L,내부#2,0033-325,B2(승)~B1(대),하행 6-1
251,3,매봉,E/L,외부#1,0035-269,B1(대)~지상,1번 출구측
252,3,대치,E/L,내부#1,0033-207,B4(승)~B2(대)~B1(대),섬식(상) 1-1
253,3,대치,E/L,외부#1,0099-954,B1(대)~지상,7번 출구측
254,3,학여울,E/L,내부#1,0033-368,B5(승)~B4(대),상행 5-4
255,3,학여울,E/L,내부#2,0033-369,B5(승)~B4(대),하행 6-1
256,3,학여울,E/L,외부#1,0105-142,B4(대)~B2(대)~B1(대)~지상,1번 출구측
257,3,대청,E/L,내부#1,0035-268,B3(승)~B2(대),상행 4-4
258,3,대청,E/L,내부#2,0035-267,B3(승)~B2(대),하행 7-1
259,3,대청,E/L,외부#1,0035-266,B2(대)~지상,8번 출구측
260,3,일원,E/L,내부#1,0035-326,B3(승)~B2(대),상행 6-3
261,3,일원,E/L,내부#2,0035-327,B3(승)~B2(대),하행 5-2
262,3,일원,E/L,외부#2,0125-974,B2(대)~지상,1번 출구측
263,3,일원,E/L,외부#3,0125-975,B2(대)~지상,1번 출구측
264,3,수서,E/L,내부#1,0033-206,B2(승)~B1(대),상행 8-3
265,3,수서,E/L,내부#2,0033-205,B2(승)~B1(대),하행 3-2
266,3,수서,E/L,외부#1,0033-203,B1(대)~지상,1번 출구측
267,3,수서,E/L,외부#2,0115-093,B1(대)~지상,5번출구
268,3,가락시장,E/L,내부#1,0100-025,B4(승)~B2(대),상행 8-2
269,3,가락시장,E/L,내부#2,0100-026,B4(승)~B2(대),하행 3-2
270,3,가락시장,E/L,외부#1,0100-027,B2(대)~지상,7번 출구측
271,3,경찰병원,E/L,내부#1,0099-889,B3(승)~B1(대),상행 4-2
272,3,경찰병원,E/L,내부#2,0099-890,B3(승)~B1(대),하행 7-3
273,3,경찰병원,E/L,외부#1,0099-887,B1(대)~지상,1번 출구측
274,3,경찰병원,E/L,외부#2,0099-888,B1(대)~지상,3번 출구측
275,3,오금,E/L,내부#1,0099-955,B4(승)~B1(대),상행 5-1
276,3,오금,E/L,내부#2,0099-956,B4(승)~B1(대),하행 6-4
277,3,오금,E/L,외부#1,0099-957,B1(대)~지상,1번 출구측
278,4,당고개,E/L,내부#1,0085-251,F2(대)~F3(승),상행 6-1
279,4,당고개,E/L,내부#2,0085-252,F2(대)~F3(승),하행 5-4
280,4,당고개,E/L,외부#1,0085-253,지상~F2(대),1-4번 출구사이
281,4,상계,E/L,외부#1,0085-254,F1(지상)~F2(대),1-2번 출구측
282,4,노원,E/L,내부#1,0085-261,F2(대)~F3(승),상행 8-4
283,4,노원,E/L,내부#2,0085-262,F2(대)~F3(승),하행 3-1
284,4,노원,E/L,외부#1,0095-391,지상~F2(대),2번 출구측
285,4,노원,E/L,외부#2,0086-473,지상~F2(대),9번 출구측
286,4,창동,E/L,내부#1,0125-524,F2(대)~F3(승),상행(당고개방향) 2-4
287,4,창동,E/L,내부#2,0125-527,F2(대)~F3(승),"상행(당고개방향) 8-2, 8-3"
288,4,창동,E/L,내부#3,0125-526,F2(대)~F3(승),"하행(남태령방향) 8-4, 9-1"
289,4,창동,E/L,내부#4,0125-525,F2(대)~F3(승),하행(남태령방향) 3-2
290,4,창동,E/L,외부#1,0028-004,지상~F2(대),1번 출구측
291,4,창동,E/L,외부#2,0028-005,지상~F2(대),2번 출구측
292,4,쌍문,E/L,내부#1,0085-219,B2(승)~B1(대),상행 8-4
293,4,쌍문,E/L,내부#2,0085-220,B2(승)~B1(대),하행 3-1
294,4,쌍문,E/L,외부#1,0028-002,B1(대)~지상,1번 출구측
295,4,수유,E/L,내부#1,0085-196,B2(승)~B1(대),상행 7-1
296,4,수유,E/L,내부#2,0085-197,B2(승)~B1(대),하행 4-4
297,4,수유,E/L,외부#1,0019-375,B1(대)~지상,1-2번 출구사이
298,4,미아,E/L,내부#1,0085-194,B2(승)~B1(대),상행 8-2
299,4,미아,E/L,내부#2,0085-195,B2(승)~B1(대),하행 3-4
300,4,미아,E/L,외부#1,0019-374,B1(대)~지상,1-2번 출구사이
301,4,미아사거리,E/L,내부#1,0019-373,B2(승)~B1(대),상행 3-1
302,4,미아사거리,E/L,내부#2,0019-372,B2(승)~B1(대),하행 8-3
303,4,길음,E/L,내부#1,0055-620,B2(승)~B1(대),섬식(상)6-1
304,4,길음,E/L,외부#1,0055-621,B1(대)~지상,5번 출구측
305,4,길음,E/L,외부#2,0028-290,B1(대)~지상,3-4번 출구사이
306,4,성신여대입구,E/L,내부#1,0055-622,B2(승)~B1(대),상행 8-2
307,4,성신여대입구,E/L,내부#2,0055-623,B2(승)~B1(대),하행 3-4
308,4,성신여대입구,E/L,외부#1,0056-491,B1(대)~지상,2번 출구측
309,4,성신여대입구,E/L,외부#2,0028-003,B1(대)~지상,3번 출구측
310,4,한성대입구,E/L,내부#1,0055-618,B2(승)~B1(대),섬식(상)6-1
311,4,한성대입구,E/L,외부#1,0055-619,B1(대)~지상,3-4번 출구사이
312,4,한성대입구,E/L,외부#2,0095-380,B1(대)~지상,5번 출구측
313,4,혜화,E/L,내부#1,0000-911,B2(승)~B1(대),상행 7-4
314,4,혜화,E/L,내부#2,0000-910,B2(승)~B1(대),하행 3-4
315,4,혜화,E/L,외부#1,0000-908,B1(대)~지상,2번 출구측
316,4,혜화,E/L,외부#2,0000-909,B1(대)~지상,3번 출구측
317,4,동대문(4),E/L,내부#1,0000-523,B4(승)~B1(대),섬식(상)6-3
318,4,동대문(4),E/L,외부#1,0000-524,B1(대)~지상,9번 출구측
319,4,동대문역사문화공원(4),E/L,내부#1,0039-975,B3(승)~B1(대),섬식(상)4-4
320,4,동대문역사문화공원(4),E/L,외부#1,0158-131,B1(대)-지상,4번출구
321,4,충무로(4),E/L,내부#1,0003-715,B3(승)~B1(대),상행 8-1
322,4,충무로(4),E/L,내부#2,0003-714,B3(승)~B1(대),하행 3-3
323,4,충무로(4),E/L,내부#3,0152-338,B4(3호선)~B2(4호선),B3 대합실
324,4,충무로(4),E/L,외부#1,0040-481,B1(대)~지상,7번 출구
325,4,명동,E/L,외부#1,0111-744,B1(대)~지상,1번출구
326,4,명동,E/L,내부#1,0152-514,B4-B1,승강장-대합실
327,4,회현,E/L,내부#1,0003-716,B4(승)~B2(대)~B1(대),섬식(상)10-1
328,4,회현,E/L,외부#1,0120-838,B1(대)~지상,지상도로 중앙
329,4,서울역(4),E/L,내부#1,0003-773,B2(승)~B1(대),섬식(상) 9-1
330,4,서울역(4),E/L,외부#1,0040-482,B1(대)~지상,12번 출구
331,4,숙대입구,E/L,내부#1,0003-771,B2(승)~B1(대),상행 8-1
332,4,숙대입구,E/L,내부#2,0003-772,B2(승)~B1(대),하행 3-3
333,4,숙대입구,E/L,외부#1,0102-480,B1(대)~지상,10번 출구
334,4,삼각지,E/L,내부#1,0051-245,B2(승)~B1(대),상행 4-3
335,4,삼각지,E/L,내부#2,0051-246,B2(승)~B1(대),하행 7-2
336,4,삼각지,E/L,외부#1,0073-386,B1(대)~지상,1-2번 출구 사이
337,4,삼각지,E/L,외부#2,0073-707,B1(대)~지상,5-6번 출구 사이
338,4,삼각지,E/L,외부#3,0136-819,B1(대)~지상,3번출구
339,4,신용산,E/L,내부#1,0102-379,B1(승)~B2(대),상행 8-2
340,4,신용산,E/L,내부#2,0102-380,B1(승)~B2(대),하행 3-2
341,4,신용산,E/L,외부#1,0127-849,B2(승)~지상,1번출구
342,4,신용산,E/L,외부#2,0120-390,B1(대)~지상,4번출구
343,4,이촌,E/L,내부#1,0003-769,B2(승)~B1(대),상행 8-1
344,4,이촌,E/L,내부#2,0003-770,B2(승)~B1(대),하행 3-3
345,4,이촌,E/L,외부#1,0102-381,B1(승)~지상,1번 출구측
346,4,이촌,E/L,외부#2,0084-010,B1(승)~지상,2번 출구측
347,4,이촌,E/L,내부#3,0152-758,B1~지상,경의환승
348,4,동작,E/L,내부#1,0097-625,F2(대)~F3(승),상행 7-4
349,4,동작,E/L,내부#2,0031-516,F1(대)~F2(대)~F3(승),하행 4-4
350,4,총신대입구,E/L,내부#1,0031-512,B2(승)~B1(대),상행 7-3
351,4,총신대입구,E/L,내부#2,0031-513,B2(승)~B1(대),하행 8-3
352,4,총신대입구,E/L,외부#1,0110-215,B1(대)~지상,1번 출구측
353,4,총신대입구,E/L,외부#2,0031-515,B1(대)~지상,14번 출구측
354,4,사당(4),E/L,내부#1,0097-112,B3(승)~B2(대)~B1(대),섬식(상)09-2
355,4,사당(4),E/L,외부#1,0031-517,B1(대)~지상,9-10번출구사이
356,4,남태령,E/L,내부#1,0099-926,B3(대)~B2(대),섬식(상) 3-3
357,4,남태령,E/L,내부#2,0099-927,B2(대)~B1(대),1번 출구측
358,4,남태령,E/L,외부#1,0099-928,B1(대)~지상,2번 출구측
359,5,방화,E/L,1,0097-206,B1-B2,시점 승강장
360,5,방화,E/L,2,0097-207,B1-B2,시점 승강장
361,5,방화,E/L,3,0031-396,F1-B1,"1,2번출구 사이"
362,5,개화산,E/L,1,0059-336,F1-B2,1번출구
363,5,개화산,E/L,2,0059-337,F1-B2,2번출구
364,5,김포공항,E/L,1,0091-364,B2-B3,시점 승강장
365,5,김포공항,E/L,2,0091-365,B2-B3,종점 승강장
366,5,송정,E/L,1,0097-632,B2-B3,상행 승강장
367,5,송정,E/L,2,0097-633,B2-B3,하행 승강장
368,5,송정,E/L,3,0097-634,F1-B2,2번출구
369,5,송정,E/L,4,0097-635,F1-B1,3번출구
370,5,마곡,E/L,1,0059-348,B1-B2,상행 승강장
371,5,마곡,E/L,2,0059-349,B1-B2,하행 승강장
372,5,마곡,E/L,3,0059-350,F1-B1,1번출구
373,5,마곡,E/L,4,0115-890,F1-B1,"6,7번출구"
374,5,마곡,E/L,5,0144-531,F1-B1,3번출구
375,5,마곡,E/L,6,0144-546,F1-B1,"4,5번출구"
376,5,발산,E/L,1,0097-201,B1-B2,시점 승강장
377,5,발산,E/L,2,0097-202,B1-B2,종점 승강장
378,5,발산,E/L,3,0097-203,F1-B1,7번출구
379,5,우장산,E/L,1,0059-338,B1-B2,시점 승강장
380,5,우장산,E/L,2,0059-339,B1-B2,종점 승강장
381,5,우장산,E/L,3,0059-340,F1-B1,1번출구
382,5,화곡,E/L,1,0073-248,B1-B2,승강장
383,5,화곡,E/L,2,0031-395,F1-B1,"1,2번출구"
384,5,까치산,E/L,2,0141-779,B1-F1,지하 1층 대합실
385,5,까치산,E/L,1,0061-703,B1-B4,지하4층 대합실
386,5,신정,E/L,1,0097-211,B2-B3,상행 승강장
387,5,신정,E/L,2,0097-212,B2-B3,하행 승강장
388,5,목동,E/L,1,0059-308,B1-B2,시점 승강장
389,5,목동,E/L,2,0059-309,B1-B2,종점 승강장
390,5,목동,E/L,3,0031-394,F1-B1,5번출구
391,5,오목교,E/L,1,0059-198,B1-B3,시점 승강장
392,5,오목교,E/L,2,0058-164,B1-B3,종점 승강장
393,5,오목교,E/L,3,0059-199,F1-B1,7번출구
394,5,양평,E/L,1,0059-371,B1-B5,시점 승강장
395,5,양평,E/L,2,0059-372,B4-B5,종점 승강장
396,5,양평,E/L,3,0097-663,F1-B1,2번출구
397,5,영등포구청,E/L,1,0097-661,F1-B5,시점 승강장
398,5,영등포구청,E/L,2,0097-662,B4-B5,종점 승강장
399,5,영등포구청,E/L,3,0109-790,B4-B5,승강장
400,5,영등포구청,E/L,4,0149-121,B4-B5,승강장
401,5,영등포시장,E/L,1,0059-374,B5-B6,시점 승강장
402,5,영등포시장,E/L,2,0059-373,B1-B6,종점 승강장
403,5,영등포시장,E/L,3,0148-101,B1-F1,2번출구
404,5,신길,E/L,1,0031-300,B3-B4,시점 승강장
405,5,신길,E/L,2,0031-312,B3-B4,종점 승강장
406,5,신길,E/L,3,0031-311,F1-B2,3번출구
407,5,신길,E/L,4,0109-789,B3-B4,승강장
408,5,신길,E/L,5,0140-313,B3-B4,승강장
409,5,신길,E/L,6,0143-173,B1-B3,환승통로
410,5,여의도,E/L,1,0058-165,B1-B4,시점 승강장
411,5,여의도,E/L,2,0021-285,B1-B4,종점 승강장
412,5,여의나루,E/L,1,0097-671,B1-B5,승강장
413,5,여의나루,E/L,2,0097-673,BM1-B1,지하2층 대합실
414,5,여의나루,E/L,3,0097-672,F1-BM1,4번출구
415,5,마포,E/L,1,0040-716,B1-B5,승강장
416,5,마포,E/L,2,0040-717,F1-B1,2번출구
417,5,공덕,E/L,1,0102-136,B1-B3,승강장
418,5,공덕,E/L,2,0102-137,F1-B1,2번출구
419,5,애오개,E/L,1,0102-183,B3-B4,시점 승강장
420,5,애오개,E/L,2,0102-184,B3-B4,종점 승강장
421,5,애오개,E/L,3,0102-185,B1-B3,지하3층 대합실
422,5,애오개,E/L,4,0040-267,F1-B1,2번출구
423,5,애오개,E/L,5,0051-370,F1-B1,3번출구
424,5,충정로,E/L,1,0040-426,B1-B5,승강장
425,5,충정로,E/L,2,0102-186,F1-B1,8번출구
426,5,서대문,E/L,1,0000-441,B1-B4,승강장
427,5,서대문,E/L,2,0000-442,F1-B1,2번출구
428,5,서대문,E/L,3,0000-443,F1-BM1,6번출구
429,5,광화문,E/L,1,0000-732,F1-B2,1번출구
430,5,광화문,E/L,2,0139-079,B2-B4,지하4층 대합실
431,5,종로3가,E/L,1,0114-148,B1-B4,지하4층 대합실
432,5,을지로4가,E/L,1,0113-923,B1-B5,승강장
433,5,동대문역사문화공원,E/L,1,0103-496,B1-B4,지하4층 대합실
434,5,동대문역사문화공원,E/L,2,0113-922,B1-B5,승강장
435,5,신금호,E/L,1,0102-334,B2-B8,승강장
436,5,신금호,E/L,2,0102-335,B2-B8,승강장
437,5,신금호,E/L,3,0102-619,F1-B2,2번출구
438,5,행당,E/L,1,0103-811,B3-B5,상행 승강장
439,5,행당,E/L,2,0103-812,B4-B5,하행 승강장
440,5,행당,E/L,3,0040-489,F1-B3,3번출구
441,5,왕십리,E/L,1,2133-670,F1-B4,4번출구
442,5,왕십리,E/L,2,0103-813,B4-B5,상행 승강장
443,5,왕십리,E/L,3,0103-814,B4-B5,하행 승강장
444,5,마장,E/L,1,0103-825,B2-B3,상행 승강장
445,5,마장,E/L,2,0103-826,B2-B3,하행 승강장
446,5,마장,E/L,3,0124-543,B2-1F,2번출구
447,5,답십리,E/L,1,0104-440,B2-B3,상행 승강장
448,5,답십리,E/L,2,0104-441,B2-B3,하행 승강장
449,5,답십리,E/L,3,0039-063,F1-B2,2번출구
450,5,답십리,E/L,4,0104-442,F1-B2,6번출구
451,5,장한평,E/L,1,0028-329,B2-B3,승강장
452,5,장한평,E/L,2,0028-330,F1-B2,"7,8번출구"
453,5,장한평,E/L,3,0084-228,F1-B2,1번출구
454,5,군자,E/L,1,0028-991,B1-B3,상행 승강장
455,5,군자,E/L,2,0028-260,B1-B3,하행 승강장
456,5,군자,E/L,3,0094-110,F1-B1,4번출구
457,5,아차산,E/L,1,0027-016,B1-B3,상행 승강장
458,5,아차산,E/L,2,0028-339,B1-B3,하행 승강장
459,5,아차산,E/L,3,0094-109,F1-B1,4번출구
460,5,광나루,E/L,1,0028-404,B2-B3,상행 승강장
461,5,광나루,E/L,2,0028-405,B2-B3,하행 승강장
462,5,광나루,E/L,3,0028-406,F1-B2,1번출구
463,5,광나루,E/L,4,0093-984,F1-B1,3번출구
464,5,천호,E/L,1,0066-068,F1-BM1,"6,7번출구"
465,5,천호,E/L,2,0045-888,B1-B3,상행 승강장
466,5,천호,E/L,3,0112-626,B2-B3,상행 승강장
467,5,천호,E/L,4,0075-646,B2-B3,하행 승강장
468,5,강동,E/L,1,0078-217,B3-B4,하행 승강장
469,5,강동,E/L,2,0012-496,F1-B3,1번출구
470,5,길동,E/L,1,0008-835,B2-B3,상행 승강장
471,5,길동,E/L,2,0008-836,B2-B3,하행 승강장
472,5,길동,E/L,3,0077-502,B1-BM2,지하2층 대합실
473,5,굽은다리,E/L,1,0011-271,B1-B2,상행 승강장
474,5,굽은다리,E/L,2,0011-272,B1-B2,하행 승강장
475,5,굽은다리,E/L,3,0011-273,F1-B1,2번출구
476,5,명일,E/L,1,0008-833,B1-B2,상행 승강장
477,5,명일,E/L,2,0008-834,B1-B2,하행 승강장
478,5,명일,E/L,3,0089-691,F1-B1,3번출구
479,5,고덕,E/L,1,0012-583,B1-B2,상행 승강장
480,5,고덕,E/L,2,0056-958,B1-B2,하행 승강장
481,5,고덕,E/L,3,0077-286,F1-B1,2번출구
482,5,고덕,E/L,4,0056-959,F1-B1,"4,5번출구"
483,5,상일동,E/L,1,0137-763,F1-B2,1번출구
484,5,상일동,E/L,2,0137-764,F1-B2,3번출구
485,5,상일동,E/L,3,0148-849,B1-F1,5번출구
486,5,상일동,E/L,4,0148-785,F1-B2,8번출구
487,5(연),강일,E/L,1,0140-721,B3-B2,상행 승강장
488,5(연),강일,E/L,2,0140-722,B3-B2,상행 승강장
489,5(연),강일,E/L,3,0140-723,B3-B1,하행 승강장
490,5(연),강일,E/L,4,0140-724,B3-B1,하행 승강장
491,5(연),강일,E/L,5,0140-807,B2-1F,1번출구
492,5(연),강일,E/L,6,0157-507,B2-F1,2번출구
493,5(연),강일,E/L,7,0140-808,B2-1F,3번출구
494,5(연),강일,E/L,8,0140-809,B2-1F,4번출구
495,5(연),미사,E/L,1,2231-268,B2-B1,상행 승강장
496,5(연),미사,E/L,2,2231-269,B2-B1,하행 승강장
497,5(연),미사,E/L,3,2231-270,B1-F1,1번출구
498,5(연),미사,E/L,4,2231-271,B1-F1,6번출구
499,5(연),하남풍산,E/L,1,2229-180,B2-B1,상행 승강장
500,5(연),하남풍산,E/L,2,2229-179,B2-B1,하행 승강장
501,5(연),하남풍산,E/L,3,2229-181,F1-F2,1번출구
502,5(연),하남풍산,E/L,4,2229-182,B1-F1,5번출구
503,5(연),하남풍산,E/L,5,2229-183,B1-F1,7번출구
504,5(연),하남시청,E/L,1,2234-916,B3-B2,대합실
505,5(연),하남시청,E/L,2,2234-917,B3-B2,대합실
506,5(연),하남시청,E/L,3,2234-918,B2-1F,3번출구
507,5(연),하남시청,E/L,4,2234-919,B2-1F,5번출구
508,5(연),하남검단산,E/L,1,2231-985,B3-B1,대합실
509,5(연),하남검단산,E/L,2,2231-986,B3-B1,대합실
510,5(연),하남검단산,E/L,3,2231-987,B1-F1,1번출구
511,5(연),하남검단산,E/L,4,2231-988,B1-F1,3번출구
512,5,둔촌동,E/L,1,0011-274,B1-B2,상행 승강장
513,5,둔촌동,E/L,2,0011-275,B1-B2,하행 승강장
514,5,둔촌동,E/L,3,0008-837,F1-B1,"3,4번출구"
515,5,올림픽공원,E/L,1,0077-287,B2-B3,상행 승강장
516,5,올림픽공원,E/L,2,0077-288,B2-B3,하행 승강장
517,5,올림픽공원,E/L,4,0087-506,F1-B2,2번출구
518,5,방이,E/L,1,0087-288,B1-B2,상행 승강장
519,5,방이,E/L,2,0087-289,B1-B2,하행 승강장
520,5,방이,E/L,3,0087-214,F1-B1,3번출구
521,5,방이,E/L,4,0088-071,F1-B1,1번출구
522,5,오금,E/L,1,0011-361,B1-B2,상행 승강장
523,5,오금,E/L,2,0011-362,B1-B2,하행 승강장
524,5,오금,E/L,3,0078-506,B2-B3,상행 승강장
525,5,오금,E/L,4,0078-507,B2-B3,하행 승강장
526,5,오금,E/L,5,0078-508,F1-B1,5번출구
527,5,개롱,E/L,1,0065-940,B1-B2,상행 승강장
528,5,개롱,E/L,2,0065-910,B1-B2,하행 승강장
529,5,개롱,E/L,3,0078-214,F1-B1,"3,4번출구"
530,5,거여,E/L,1,0089-595,B1-B2,상행 승강장
531,5,거여,E/L,2,0011-364,B1-B2,하행 승강장
532,5,거여,E/L,3,0078-211,F1-B1,2번출구
533,5,마천,E/L,1,0009-741,B2-B4,승강장
534,5,마천,E/L,2,0155-881,B1-B4,대합실
535,6,응암,E/L,1,0040-053,B1-B2,승강장
536,6,응암,E/L,2,0073-334,F1-B1,지하2층 대합실
537,6,역촌,E/L,1,0104-827,B1-B4,승강장
538,6,역촌,E/L,2,0042-692,F1-B1,고객상담실 앞
539,6,불광,E/L,1,0039-061,B1-B4,시점 승강장
540,6,불광,E/L,2,0039-062,B1-B4,종점 승강장
541,6,불광,E/L,3,0042-691,F1-B1,8번출구
542,6,독바위,E/L,1,0040-274,B1-B6,승강장
543,6,독바위,E/L,2,0042-697,F1-B1,1번출구
544,6,연신내,E/L,1,0102-709,B1-B5,승강장
545,6,연신내,E/L,2,0102-710,F1-B1,6번출구
546,6,구산,E/L,1,0040-487,F1-B1,4번출구
547,6,새절,E/L,1,0042-689,B1-B2,상행 승강장
548,6,새절,E/L,2,0042-690,F1-B1,1번출구
549,6,증산,E/L,1,0042-852,B1-B2,상행 승강장
550,6,증산,E/L,2,0042-853,B1-B2,하행 승강장
551,6,증산,E/L,3,0042-854,F1-B1,2번출구
552,6,디지털미디어시티,E/L,1,0102-251,B1-B2,상행 승강장
553,6,디지털미디어시티,E/L,2,0102-252,B1-B2,하행 승강장
554,6,디지털미디어시티,E/L,3,0102-253,F1-B1,4번출구
555,6,월드컵경기장,E/L,1,0104-771,B2-B3,상행 승강장
556,6,월드컵경기장,E/L,2,0104-772,B2-B3,하행 승강장
557,6,월드컵경기장,E/L,3,0104-773,F1-B2,2번출구
558,6,마포구청,E/L,1,0007-233,B2-B3,상행 승강장
559,6,마포구청,E/L,2,0007-234,B2-B3,하행 승강장
560,6,마포구청,E/L,3,0015-263,F1-B2,8번출구
561,6,마포구청,E/L,4,0070-790,F1-B2,2번출구
562,6,망원,E/L,1,0040-055,B1-B2,상행 승강장
563,6,망원,E/L,2,0040-054,F1-B2,하행 승강장
564,6,합정,E/L,1,0039-041,B1-B4,상행 승강장
565,6,합정,E/L,2,0039-042,B3-B4,하행 승강장
566,6,합정,E/L,3,0039-043,F1-B1,6번출구
567,6,상수,E/L,1,0102-308,B2-B3,승강장
568,6,상수,E/L,2,0143-822,F1-B1,지하1층 대합실
569,6,상수,E/L,3,0150-002,B2-B1,지하2층 대합실
570,6,광흥창,E/L,1,0039-039,F1-B2,1번출구
571,6,광흥창,E/L,2,0039-040,B2-B3,승강장
572,6,광흥창,E/L,3,0007-065,F1-B1,4번출구
573,6,대흥,E/L,1,0042-659,B2-B3,승강장
574,6,대흥,E/L,2,0104-289,B1-B2,지하2층 대합실
575,6,공덕,E/L,1,0015-040,B1-B2,시점 승강장
576,6,공덕,E/L,2,0004-354,B1-B2,종점 승강장
577,6,공덕,E/L,3,0004-355,F1-B1,5번출구
578,6,공덕,E/L,4,0104-290,B2-B3,환승통로
579,6,공덕,E/L,5,0104-340,B2-B3,환승통로
580,6,효창공원앞,E/L,1,0042-657,B2-B3,승강장
581,6,효창공원앞,E/L,2,0042-658,B1-B2,지하2층 대합실
582,6,삼각지,E/L,1,0104-719,B3-B4,승강장
583,6,삼각지,E/L,2,0104-875,B3-B4,승강장
584,6,삼각지,E/L,3,0104-720,F1-B3,8번출구
585,6,삼각지,E/L,4,0104-877,F1-B3,12번출구
586,6,삼각지,E/L,5,0103-579,B3-B4,환승통로
587,6,녹사평,E/L,1,0082-691,B4-B5,승강장
588,6,녹사평,E/L,2,0082-692,B2-B4,지하4층 대합실
589,6,녹사평,E/L,3,0082-693,F1-B2,1번출구
590,6,이태원,E/L,1,0103-976,B1-B5,승강장
591,6,이태원,E/L,2,0040-056,F1-B1,2번출구
592,6,한강진,E/L,1,0102-206,B3-B4,상행 승강장
593,6,한강진,E/L,2,0102-207,B1-B4,하행 승강장
594,6,한강진,E/L,3,0041-868,F1-B1,3번출구
595,6,버티고개,E/L,1,0102-205,B3-B4,상행 승강장
596,6,버티고개,E/L,2,0102-097,B3-B4,하행 승강장
597,6,버티고개,E/L,3,0102-203,B2-B3,지하3층 대합실
598,6,버티고개,E/L,4,0102-204,B1-B2,지하2층 대합실
599,6,버티고개,E/L,5,0041-895,F1-B1,2번출구
600,6,약수,E/L,1,0103-977,B2-B3,상행 승강장
601,6,약수,E/L,2,0103-978,B2-B3,하행 승강장
602,6,약수,E/L,3,0103-979,B1-B3,상행 승강장
603,6,약수,E/L,4,0113-921 ,B1-B2,지하1층 대합실
604,6,청구,E/L,1,0104-443,B3-B4,승강장
605,6,청구,E/L,2,0104-444,B1-B3,지하3층 대합실
606,6,청구,E/L,3,0104-445,B1-B3,지하3층 대합실
607,6,청구,E/L,4,0104-446,F1-B1,3번출구
608,6,청구,E/L,5,0074-257,F1-B1,1번출구
609,6,신당,E/L,1,0103-494,B1-B3,승강장
610,6,동묘앞,E/L,1,0000-962,B2-B3,승강장
611,6,동묘앞,E/L,2,0000-963,B2-B3,승강장
612,6,창신,E/L,1,0002-280,B1-B4,승강장
613,6,창신,E/L,2,0000-959,F1-B1,"3,4번출구"
614,6,창신,E/L,3,0125-798,F1-B1,2번출구
615,6,보문,E/L,1,0049-838,B2-B3,승강장
616,6,안암,E/L,1,0028-813,B2-B3,상행 승강장
617,6,안암,E/L,2,0028-814,B2-B3,하행 승강장
618,6,안암,E/L,3,0028-815,F1-B2,1번출구
619,6,고려대,E/L,1,0019-339,B1-B4,상행 승강장
620,6,고려대,E/L,2,0053-247,B1-B4,하행 승강장
621,6,고려대,E/L,3,0019-340,F1-B1,1번출구
622,6,고려대,E/L,4,0053-248,F1-B1,"3,4번출구"
623,6,월곡,E/L,1,0044-187,B2-B3,상행 승강장
624,6,월곡,E/L,2,0044-188,B2-B3,하행 승강장
625,6,월곡,E/L,3,0028-819,F1-B2,"1,5번출구 사이"
626,6,상월곡,E/L,1,0027-999,F1-B2,4번출구
627,6,돌곶이,E/L,1,0054-295,B1-B2,상행 승강장
628,6,돌곶이,E/L,2,0054-296,B1-B2,하행 승강장
629,6,돌곶이,E/L,3,0044-225,F1-B1,3번출구
630,6,석계,E/L,1,0057-328,B2-B3,상행 승강장
631,6,석계,E/L,2,0055-103,B2-B3,하행 승강장
632,6,석계,E/L,3,0057-329,F1-B2,1번출구
633,6,석계,E/L,4,0055-102,F1-B2,4번출구
634,6,태릉입구,E/L,1,0019-107,B1-B2,상행 승강장
635,6,태릉입구,E/L,2,0015-897,B1-B2,하행 승강장
636,6,태릉입구,E/L,3,0015-898,F1-B1,8번출구
637,6,태릉입구,E/L,4,0113-359,F1-B1,6번출구
638,6,화랑대,E/L,1,0057-151,B1-B2,상행 승강장
639,6,화랑대,E/L,2,0057-152,B1-B2,하행 승강장
640,6,화랑대,E/L,3,0057-153,F1-B1,1번출구
641,6,화랑대,E/L,4,0094-425,F1-B1,7번출구
642,6,봉화산,E/L,1,0054-819,F1-B1,2번출구
643,6,봉화산,E/L,2,0094-606,F1-B1,4번출구
644,6,신내,E/L,1,0136-697,F1-F2,상행 승강장
645,7,장암,E/L,1,2064-681,F2-F1,지상
646,7,장암,E/L,2,2064-682,F2-F1,1번출구
647,7,도봉산,E/L,1,0053-189,F2-F1,상행 승강장
648,7,도봉산,E/L,2,0053-190,F2-F1,하행 승강장
649,7,도봉산,E/L,3,0085-381,F2-F1,상행 승강장
650,7,도봉산,E/L,4,0085-291,F2-F1,하행 승강장
651,7,도봉산,E/L,5,0135-003,B1-F1,1-1번출구
652,7,수락산,E/L,1,0053-324,F1-B2,1번출구
653,7,마들,E/L,1,0017-182,B1-B3,승강장
654,7,마들,E/L,2,0053-180,F1-B1,5번출구
655,7,마들,E/L,3,0085-028,F1-B1,4번출구
656,7,마들,E/L,4,0085-029,F1-B1,2번출구
657,7,노원,E/L,1,0086-703,B1-B3,승강장
658,7,노원,E/L,2,0018-585,F1-B1,3번출구
659,7,노원,E/L,3,0094-686,F1-B1,6번출구
660,7,노원,E/L,4,0153-124,B1-F1,5번출구
661,7,중계,E/L,1,0015-704,B2-B3,승강장
662,7,중계,E/L,2,0019-485,F1-B2,5번출구
663,7,중계,E/L,3,0015-997,F1-B2,3번출구
664,7,하계,E/L,2,0017-579,B1-B3,승강장
665,7,하계,E/L,3,0056-263,F1-B1,1번출구
666,7,하계,E/L,4,0085-031,F1-B1,6번출구
667,7,공릉,E/L,1,0015-705,B2-B4,상행 승강장
668,7,공릉,E/L,2,0015-706,B1-B4,하행 승강장
669,7,공릉,E/L,3,0015-998,F1-B1,2번출구
670,7,태릉입구,E/L,1,0017-918,B1-B4,상행 승강장
671,7,태릉입구,E/L,2,0053-181,F1-B4,하행 승강장
672,7,먹골,E/L,1,0017-580,B2-B3,상행 승강장
673,7,먹골,E/L,2,0017-581,B2-B3,하행 승강장
674,7,먹골,E/L,3,0018-261,F1-B1-B2,2번출구
675,7,중화,E/L,1,0018-259,B1-B2-B3,상행 승강장
676,7,중화,E/L,2,0018-260,B2-B3,하행 승강장
677,7,중화,E/L,3,0056-268,F1-B1,3번출구
678,7,상봉,E/L,1,0019-106,B1-B3,상행 승강장
679,7,상봉,E/L,2,0019-351,B1-B3,하행 승강장
680,7,상봉,E/L,3,0016-030,B2-B3,상행 승강장
681,7,상봉,E/L,4,0016-029,B2-B3,하행 승강장
682,7,상봉,E/L,5,0019-486,F1-B1,3번출구
683,7,면목,E/L,1,0017-577,B1-B3-B4,상행 승강장
684,7,면목,E/L,2,0017-578,B3-B4,하행 승강장
685,7,면목,E/L,3,0018-586,F1-B1,3번출구
686,7,사가정,E/L,1,0017-575,B3-B4,상행 승강장
687,7,사가정,E/L,2,0017-576,B1-B3-B4,하행 승강장
688,7,사가정,E/L,3,0052-631,F1-B1,3번출구
689,7,용마산,E/L,1,0017-574,B3-B4,상행 승강장
690,7,용마산,E/L,2,0017-573,B1-B4,하행 승강장
691,7,용마산,E/L,3,0018-587,F2-B1,1번출구
692,7,중곡,E/L,1,0005-633,B2-B3,상행 승강장
693,7,중곡,E/L,2,0005-634,B2-B3,하행 승강장
694,7,중곡,E/L,3,0003-912,F1-B2,1번출구
695,7,군자,E/L,1,0094-111,F1-B1,7번출구
696,7,어린이대공원,E/L,1,0007-435,B1-B3,상행 승강장
697,7,어린이대공원,E/L,2,0082-420,B1-B3,하행 승강장
698,7,어린이대공원,E/L,3,0007-437,F1-B1,1번출구
699,7,어린이대공원,E/L,4,0051-898,F1-B1,5번출구
700,7,건대입구,E/L,1,0132-928,B2-B3,상행 승강장
701,7,건대입구,E/L,2,0132-929,B2-B3,하행 승강장
702,7,뚝섬유원지,E/L,1,0082-441,F2-F1,1번출구
703,7,뚝섬유원지,E/L,2,0082-442,F3-F2,상행 승강장
704,7,뚝섬유원지,E/L,3,0082-443,F3-F2,하행 승강장
705,7,청담,E/L,1,0056-819,F1-B3,5번출구
706,7,청담,E/L,2,0045-844,F1-B3,10번출구
707,7,강남구청,E/L,1,0011-097,B2-B3,상행 승강장
708,7,강남구청,E/L,2,0011-098,B2-B3,하행 승강장
709,7,학동,E/L,1,0065-989,B2-B3,상행 승강장
710,7,학동,E/L,2,0065-990,B2-B3,하행 승강장
711,7,학동,E/L,3,0078-212,F1-B2,3번출구
712,7,논현,E/L,1,0057-897,B2-B3,상행 승강장
713,7,논현,E/L,2,0057-898,B2-B3,하행 승강장
714,7,논현,E/L,3,0012-777,F1-B2,8번출구
715,7,반포,E/L,1,0078-301,B2-B3,상행 승강장
716,7,반포,E/L,2,0078-302,B2-B3,하행 승강장
717,7,반포,E/L,3,0012-778,F1-B2,6번출구
718,7,반포,E/L,4,0077-428,F1-B2,1번출구
719,7,고속터미널,E/L,1,0009-821,B2-B3,상행 승강장
720,7,고속터미널,E/L,2,0009-822,B2-B3,하행 승강장
721,7,내방,E/L,1,0077-425,B2-B3,상행 승강장
722,7,내방,E/L,2,0077-426,B2-B3,하행 승강장
723,7,내방,E/L,3,0077-427,B1-B2,고객상담실 앞
724,7,내방,E/L,4,0012-779,F1-B1,3번출구
725,7,내방,E/L,5,0087-708,F1-B1,5번출구
726,7,이수,E/L,1,0063-029,B3-B4,상행 승강장
727,7,이수,E/L,2,0063-030,B3-B4,하행 승강장
728,7,이수,E/L,3,0063-031,F1-B3,11번출구
729,7,남성,E/L,1,0091-212,B2-B3,상행 승강장
730,7,남성,E/L,2,0091-213,B2-B3,하행 승강장
731,7,남성,E/L,3,0091-214,F1-B2,3번출구
732,7,남성,E/L,4,0151-564,B3-F1,2번출구
733,7,숭실대입구,E/L,1,0060-933,B2-B6,상행 승강장
734,7,숭실대입구,E/L,2,0060-934,B2-B6,하행 승강장
735,7,숭실대입구,E/L,3,0060-935,F1-B2,2번출구
736,7,숭실대입구,E/L,4,0123-429,F1-B3,3번출구
737,7,상도,E/L,1,0021-574,B2-B3,상행 승강장
738,7,상도,E/L,2,0021-575,B2-B3,하행 승강장
739,7,상도,E/L,3,0021-576,F1-B2,5번 출구측
740,7,장승배기,E/L,1,0022-769,B2-B3,상행 승강장
741,7,장승배기,E/L,2,0022-770,B2-B3,하행 승강장
742,7,장승배기,E/L,3,0022-771,F1-B2,2번출구
743,7,신대방삼거리,E/L,1,0022-772,B2-B3,상행 승강장
744,7,신대방삼거리,E/L,2,0022-773,B2-B3,하행 승강장
745,7,신대방삼거리,E/L,3,0022-522,B1-B2,고객상담실 옆
746,7,신대방삼거리,E/L,4,0022-774,F1-B1,3번출구
747,7,보라매,E/L,1,0021-025,B1-B2,승강장
748,7,보라매,E/L,2,0021-026,F1-B1,6번출구
749,7,신풍,E/L,1,0021-850,B1-B2,상행 승강장
750,7,신풍,E/L,2,0021-851,B1-B2,하행 승강장
751,7,신풍,E/L,3,0021-852,F1-B1,4번출구
752,7,신풍,E/L,4,0097-451,F1-B1,5번출구
753,7,대림,E/L,1,0020-631,B1-B2,상행 승강장
754,7,대림,E/L,2,0020-632,B1-B2,하행 승강장
755,7,대림,E/L,3,0020-633,F1-B1,10번출구
756,7,가산디지털단지,E/L,1,0021-021,B2-B3-B4,상행 승강장
757,7,가산디지털단지,E/L,2,0021-022,B2-B3-B4,하행 승강장
758,7,가산디지털단지,E/L,3,0021-023,B1-B2,지하2층 대합실
759,7,가산디지털단지,E/L,4,0021-024,F1-B1,6번출구
760,7,철산,E/L,1,2026-968,B1-B2,상행 승강장
761,7,철산,E/L,2,2026-969,B1-B2,하행 승강장
762,7,철산,E/L,3,2026-970,F1-B1,1번출구
763,7,철산,E/L,4,2162-470,F1-B1,4번출구
764,7,광명사거리,E/L,1,2026-444,B2-B3,하행 승강장
765,7,광명사거리,E/L,2,2117-998,F1-B2,2번출구
766,7,천왕,E/L,1,0021-226,B1-B2,상행 승강장
767,7,천왕,E/L,2,0021-227,B1-B2,하행 승강장
768,7,천왕,E/L,3,0025-776,F1-B1,3번출구
769,7,천왕,E/L,4,0122-484,F1-B1,2번출구
770,7,온수,E/L,1,0021-618,B1-B2,상행 승강장
771,7,온수,E/L,2,0021-619,B1-B2,하행 승강장
772,7,온수,E/L,3,0021-620,F1-B1,2번출구
773,8,암사,E/L,1,0066-066,B1-B2,시점 승강장
774,8,암사,E/L,2,0066-067,B1-B2,하행 승강장
775,8,암사,E/L,3,0079-858,F1-B1,3번출구
776,8,천호,E/L,1,0077-988,B1-B2,상행 승강장
777,8,천호,E/L,2,0077-989,B1-B2,하행 승강장
778,8,강동구청,E/L,1,0077-745,B2-B3,상행 승강장
779,8,강동구청,E/L,2,0077-746,B2-B3,하행 승강장
780,8,강동구청,E/L,3,0009-742,F1-B2,4번출구
781,8,몽촌토성,E/L,1,0011-276,B2-B3,상행 승강장
782,8,몽촌토성,E/L,2,0011-277,B2-B3,하행 승강장
783,8,몽촌토성,E/L,3,0011-278,B1-B2,지하2층 대합실
784,8,몽촌토성,E/L,4,0075-711,F1-B1,4번출구
785,8,잠실,E/L,1,0087-497,B1-B3,상행 승강장
786,8,잠실,E/L,2,0087-498,B1-B3,하행 승강장
787,8,잠실,E/L,3,0087-499,F1-B1,9번출구
788,8,석촌,E/L,1,0075-712,B1-B2,상행 승강장
789,8,석촌,E/L,2,0075-713,B1-B2,하행 승강장
790,8,석촌,E/L,3,0045-887,F1-B1,1번출구
791,8,송파,E/L,1,0087-791,B1-B2,상행 승강장
792,8,송파,E/L,2,0087-792,B1-B2,하행 승강장
793,8,송파,E/L,3,0046-881,F1-B1,1번출구
794,8,송파,E/L,4,0156-007,B1-1,지하연결통로
795,8,가락시장,E/L,1,0078-551,B1-B2,상행 승강장
796,8,가락시장,E/L,2,0078-553,B1-B2,하행 승강장
797,8,가락시장,E/L,3,0078-555,B2-B3,상행 승강장
798,8,가락시장,E/L,4,0078-554,B2-B3,하행 승강장
799,8,가락시장,E/L,5,0075-714,F1-B2,"1,2번출구"
800,8,가락시장,E/L,6,0078-552,F1-B1,"3,4번출구"
801,8,문정,E/L,1,0077-747,B1-B2,상행 승강장
802,8,문정,E/L,2,0077-748,B1-B2,하행 승강장
803,8,문정,E/L,3,0009-743,F1-B1,2번출구
804,8,장지,E/L,1,0077-861,B1-B2,상행 승강장
805,8,장지,E/L,2,0077-862,B1-B2,하행 승강장
806,8,장지,E/L,3,0009-744,F1-B1,1번출구
807,8,장지,E/L,4,0077-876,F1-B1,3번출구
808,8,복정,E/L,1,0011-754,B1-B3,승강장
809,8,남위례,E/L,1,2249-470,F1-F2,1번출구
810,8,남위례,E/L,2,2249-471,F1-F4,5번출구
811,8,남위례,E/L,3,2249-472,F2-F3,하선 3-4
812,8,산성,E/L,1,2024-722,B2-B3,상행 승강장
813,8,산성,E/L,2,2024-723,B2-B3,하행 승강장
814,8,산성,E/L,3,2024-721,B1-B2,대합실
815,8,산성,E/L,4,2075-288,F1-B1,3번출구
816,8,남한산성입구,E/L,1,2022-967,B2-B3,상행 승강장
817,8,남한산성입구,E/L,2,2231-773,F1-B3,하행 승강장
818,8,단대오거리,E/L,1,2116-586,B1-B3,상행 승강장
819,8,단대오거리,E/L,2,2116-587,B1-B3,하행 승강장
820,8,단대오거리,E/L,3,2116-588,F1-B1,4번출구
821,8,신흥,E/L,1,2022-969,B1-B2,상행 승강장
822,8,신흥,E/L,2,2022-970,B1-B2,하행 승강장
823,8,수진,E/L,1,2116-589,B1-B2,상행 승강장
824,8,수진,E/L,2,2116-590,B1-B2,하행 승강장
825,8,수진,E/L,3,2212-625,B1-F1,3번출구
826,8,모란,E/L,1,2116-583,B1-B3,상행 승강장
827,8,모란,E/L,2,2116-584,B2-B3,종점 승강장
828,8,모란,E/L,3,2116-585,F1-B1,11번출구
